image_id,filename,source_type,width,height,orientation,quality,difficulty,number_of_rooms,has_dimensions,has_text,source,license,date_collected
FP_0001,FP_0001.jpg,CAD,1920,1080,landscape,LOW,MEDIUM,,NO,YES,Public_Dataset (Roboflow: kt-nyjuw/floor-plan-nnoub),CC BY 4.0,2026-09-06
FP_0002,FP_0002.jpg,CAD,1920,1080,landscape,MEDIUM,EASY,,YES,YES,Public_Dataset (Roboflow: kt-nyjuw/floor-plan-nnoub),CC BY 4.0,2026-09-06
FP_0003,FP_0003.jpg,CAD,1920,1080,landscape,MEDIUM,EASY,,NO,YES,Public_Dataset (Roboflow: kt-nyjuw/floor-plan-nnoub),CC BY 4.0,2026-09-06
FP_0004,FP_0004.jpg,CAD,1920,1080,landscape,MEDIUM,EASY,,YES,YES,Public_Dataset (Roboflow: kt-nyjuw/floor-plan-nnoub),CC BY 4.0,2026-09-06
FP_0005,FP_0005.jpg,CAD,1920,1080,landscape,LOW,MEDIUM,,NO,YES,Public_Dataset (Roboflow: kt-nyjuw/floor-plan-nnoub),CC BY 4.0,2026-09-06
FP_0006,FP_0006.jpg,CAD,1920,1080,landscape,LOW,MEDIUM,,NO,NO,Public_Dataset (Roboflow: kt-nyjuw/floor-plan-nnoub),CC BY 4.0,2026-09-06
FP_0007,FP_0007.jpg,CAD,1920,1080,landscape,MEDIUM,EASY,,NO,YES,Public_Dataset (Roboflow: kt-nyjuw/floor-plan-nnoub),CC BY 4.0,2026-09-06
FP_0008,FP_0008.jpg,CAD,1920,1080,landscape,MEDIUM,EASY,,YES,YES,Public_Dataset (Roboflow: kt-nyjuw/floor-plan-nnoub),CC BY 4.0,2026-09-06
FP_0009,FP_0009.jpg,CAD,1920,1080,landscape,LOW,MEDIUM,,NO,YES,Public_Dataset (Roboflow: kt-nyjuw/floor-plan-nnoub),CC BY 4.0,2026-09-06
FP_0010,FP_0010.jpg,CAD,1920,1080,landscape,LOW,MEDIUM,,YES,YES,Public_Dataset (Roboflow: kt-nyjuw/floor-plan-nnoub),CC BY 4.0,2026-09-06
FP_0011,FP_0011.jpg,CAD,1920,1080,landscape,HIGH,EASY,,NO,YES,Public_Dataset (Roboflow: kt-nyjuw/floor-plan-nnoub),CC BY 4.0,2026-09-06
FP_0012,FP_0012.jpg,CAD,1920,1080,landscape,LOW,MEDIUM,,NO,YES,Public_Dataset (Roboflow: kt-nyjuw/floor-plan-nnoub),CC BY 4.0,2026-09-06
FP_0013,FP_0013.jpg,CAD,1920,1080,landscape,LOW,MEDIUM,,NO,NO,Public_Dataset (Roboflow: kt-nyjuw/floor-plan-nnoub),CC BY 4.0,2026-09-06
FP_0014,FP_0014.jpg,CAD,1920,1080,landscape,LOW,MEDIUM,,NO,YES,Public_Dataset (Roboflow: kt-nyjuw/floor-plan-nnoub),CC BY 4.0,2026-09-06
FP_0015,FP_0015.jpg,CAD,1920,1080,landscape,LOW,MEDIUM,,NO,YES,Public_Dataset (Roboflow: kt-nyjuw/floor-plan-nnoub),CC BY 4.0,2026-09-06
FP_0016,FP_0016.jpg,CAD,1920,1080,landscape,LOW,MEDIUM,,NO,YES,Public_Dataset (Roboflow: kt-nyjuw/floor-plan-nnoub),CC BY 4.0,2026-09-06
FP_0017,FP_0017.jpg,CAD,1920,1080,landscape,MEDIUM,EASY,,NO,YES,Public_Dataset (Roboflow: kt-nyjuw/floor-plan-nnoub),CC BY 4.0,2026-09-06
FP_0018,FP_0018.jpg,CAD,1920,1080,landscape,LOW,MEDIUM,,NO,YES,Public_Dataset (Roboflow: kt-nyjuw/floor-plan-nnoub),CC BY 4.0,2026-09-06
FP_0019,FP_0019.jpg,CAD,1920,1080,landscape,LOW,MEDIUM,,NO,YES,Public_Dataset (Roboflow: kt-nyjuw/floor-plan-nnoub),CC BY 4.0,2026-09-06
FP_0020,FP_0020.jpg,CAD,1920,1080,landscape,LOW,MEDIUM,,NO,YES,Public_Dataset (Roboflow: kt-nyjuw/floor-plan-nnoub),CC BY 4.0,2026-09-06
FP_0021,FP_0021.jpg,CAD,1920,1080,landscape,LOW,MEDIUM,,NO,YES,Public_Dataset (Roboflow: kt-nyjuw/floor-plan-nnoub),CC BY 4.0,2026-09-06
FP_0022,FP_0022.jpg,CAD,1920,1080,landscape,LOW,MEDIUM,,NO,NO,Public_Dataset (Roboflow: kt-nyjuw/floor-plan-nnoub),CC BY 4.0,2026-09-06
FP_0023,FP_0023.jpg,CAD,1920,1080,landscape,LOW,MEDIUM,,NO,YES,Public_Dataset (Roboflow: kt-nyjuw/floor-plan-nnoub),CC BY 4.0,2026-09-06
FP_0024,FP_0024.jpg,CAD,1920,1080,landscape,LOW,MEDIUM,,NO,YES,Public_Dataset (Roboflow: kt-nyjuw/floor-plan-nnoub),CC BY 4.0,2026-09-06
FP_0025,FP_0025.jpg,CAD,1920,1080,landscape,LOW,MEDIUM,,NO,NO,Public_Dataset (Roboflow: kt-nyjuw/floor-plan-nnoub),CC BY 4.0,2026-09-06
FP_0026,FP_0026.jpg,CAD,1920,1080,landscape,LOW,MEDIUM,,NO,YES,Public_Dataset (Roboflow: kt-nyjuw/floor-plan-nnoub),CC BY 4.0,2026-09-06
FP_0027,FP_0027.jpg,CAD,1920,1080,landscape,LOW,MEDIUM,,NO,YES,Public_Dataset (Roboflow: kt-nyjuw/floor-plan-nnoub),CC BY 4.0,2026-09-06
FP_0028,FP_0028.jpg,CAD,1920,1080,landscape,LOW,MEDIUM,,NO,YES,Public_Dataset (Roboflow: kt-nyjuw/floor-plan-nnoub),CC BY 4.0,2026-09-06
FP_0029,FP_0029.jpg,CAD,1920,1080,landscape,MEDIUM,EASY,,YES,YES,Public_Dataset (Roboflow: kt-nyjuw/floor-plan-nnoub),CC BY 4.0,2026-09-06
FP_0030,FP_0030.jpg,CAD,1920,1080,landscape,MEDIUM,EASY,,YES,YES,Public_Dataset (Roboflow: kt-nyjuw/floor-plan-nnoub),CC BY 4.0,2026-09-06
FP_0031,FP_0031.jpg,CAD,1920,1080,landscape,LOW,MEDIUM,,NO,YES,Public_Dataset (Roboflow: kt-nyjuw/floor-plan-nnoub),CC BY 4.0,2026-09-06
FP_0032,FP_0032.jpg,CAD,1920,1080,landscape,LOW,MEDIUM,,NO,YES,Public_Dataset (Roboflow: kt-nyjuw/floor-plan-nnoub),CC BY 4.0,2026-09-06
FP_0033,FP_0033.jpg,CAD,1920,1080,landscape,LOW,MEDIUM,,NO,NO,Public_Dataset (Roboflow: kt-nyjuw/floor-plan-nnoub),CC BY 4.0,2026-09-06
FP_0034,FP_0034.jpg,CAD,1920,1080,landscape,LOW,MEDIUM,,NO,YES,Public_Dataset (Roboflow: kt-nyjuw/floor-plan-nnoub),CC BY 4.0,2026-09-06
FP_0035,FP_0035.jpg,CAD,1920,1080,landscape,LOW,MEDIUM,,NO,YES,Public_Dataset (Roboflow: kt-nyjuw/floor-plan-nnoub),CC BY 4.0,2026-09-06
FP_0036,FP_0036.jpg,CAD,1920,1080,landscape,LOW,MEDIUM,,NO,YES,Public_Dataset (Roboflow: kt-nyjuw/floor-plan-nnoub),CC BY 4.0,2026-09-06
FP_0037,FP_0037.jpg,CAD,1920,1080,landscape,LOW,MEDIUM,,NO,NO,Public_Dataset (Roboflow: kt-nyjuw/floor-plan-nnoub),CC BY 4.0,2026-09-06
FP_0038,FP_0038.jpg,CAD,1920,1080,landscape,LOW,MEDIUM,,NO,YES,Public_Dataset (Roboflow: kt-nyjuw/floor-plan-nnoub),CC BY 4.0,2026-09-06
FP_0039,FP_0039.jpg,CAD,1920,1080,landscape,LOW,MEDIUM,,YES,YES,Public_Dataset (Roboflow: kt-nyjuw/floor-plan-nnoub),CC BY 4.0,2026-09-06
FP_0040,FP_0040.jpg,CAD,1920,1080,landscape,MEDIUM,EASY,,NO,YES,Public_Dataset (Roboflow: kt-nyjuw/floor-plan-nnoub),CC BY 4.0,2026-09-06
FP_0041,FP_0041.jpg,CAD,1920,1080,landscape,LOW,MEDIUM,,NO,YES,Public_Dataset (Roboflow: kt-nyjuw/floor-plan-nnoub),CC BY 4.0,2026-09-06
FP_0042,FP_0042.jpg,CAD,1920,1080,landscape,LOW,MEDIUM,,NO,YES,Public_Dataset (Roboflow: kt-nyjuw/floor-plan-nnoub),CC BY 4.0,2026-09-06
FP_0043,FP_0043.jpg,CAD,1920,1080,landscape,LOW,MEDIUM,,NO,YES,Public_Dataset (Roboflow: kt-nyjuw/floor-plan-nnoub),CC BY 4.0,2026-09-06
FP_0044,FP_0044.jpg,CAD,1920,1080,landscape,LOW,MEDIUM,,NO,YES,Public_Dataset (Roboflow: kt-nyjuw/floor-plan-nnoub),CC BY 4.0,2026-09-06
FP_0045,FP_0045.jpg,CAD,1920,1080,landscape,LOW,MEDIUM,,NO,YES,Public_Dataset (Roboflow: kt-nyjuw/floor-plan-nnoub),CC BY 4.0,2026-09-06
FP_0046,FP_0046.jpg,CAD,1920,1080,landscape,LOW,MEDIUM,,NO,YES,Public_Dataset (Roboflow: kt-nyjuw/floor-plan-nnoub),CC BY 4.0,2026-09-06
FP_0047,FP_0047.jpg,CAD,1920,1080,landscape,LOW,MEDIUM,,NO,YES,Public_Dataset (Roboflow: kt-nyjuw/floor-plan-nnoub),CC BY 4.0,2026-09-06
FP_0048,FP_0048.jpg,CAD,1920,1080,landscape,LOW,MEDIUM,,NO,YES,Public_Dataset (Roboflow: kt-nyjuw/floor-plan-nnoub),CC BY 4.0,2026-09-06
FP_0049,FP_0049.jpg,CAD,1920,1080,landscape,LOW,MEDIUM,,NO,YES,Public_Dataset (Roboflow: kt-nyjuw/floor-plan-nnoub),CC BY 4.0,2026-09-06
FP_0050,FP_0050.jpg,CAD,1920,1080,landscape,MEDIUM,EASY,,YES,YES,Public_Dataset (Roboflow: kt-nyjuw/floor-plan-nnoub),CC BY 4.0,2026-09-06
FP_0051,FP_0051.jpg,CAD,1920,1080,landscape,LOW,MEDIUM,,NO,YES,Public_Dataset (Roboflow: kt-nyjuw/floor-plan-nnoub),CC BY 4.0,2026-09-06
FP_0052,FP_0052.jpg,CAD,1920,1080,landscape,LOW,MEDIUM,,NO,YES,Public_Dataset (Roboflow: kt-nyjuw/floor-plan-nnoub),CC BY 4.0,2026-09-06
FP_0053,FP_0053.jpg,CAD,1920,1080,landscape,LOW,MEDIUM,,YES,YES,Public_Dataset (Roboflow: kt-nyjuw/floor-plan-nnoub),CC BY 4.0,2026-09-06
FP_0054,FP_0054.jpg,CAD,1920,1080,landscape,LOW,MEDIUM,,NO,YES,Public_Dataset (Roboflow: kt-nyjuw/floor-plan-nnoub),CC BY 4.0,2026-09-06
FP_0055,FP_0055.jpg,CAD,1920,1080,landscape,LOW,MEDIUM,,NO,YES,Public_Dataset (Roboflow: kt-nyjuw/floor-plan-nnoub),CC BY 4.0,2026-09-06
FP_0056,FP_0056.jpg,CAD,1920,1080,landscape,LOW,MEDIUM,,NO,YES,Public_Dataset (Roboflow: kt-nyjuw/floor-plan-nnoub),CC BY 4.0,2026-09-06
FP_0057,FP_0057.jpg,CAD,1920,1080,landscape,MEDIUM,EASY,,YES,YES,Public_Dataset (Roboflow: kt-nyjuw/floor-plan-nnoub),CC BY 4.0,2026-09-06
FP_0058,FP_0058.jpg,CAD,1920,1080,landscape,LOW,MEDIUM,,NO,NO,Public_Dataset (Roboflow: kt-nyjuw/floor-plan-nnoub),CC BY 4.0,2026-09-06
FP_0059,FP_0059.jpg,CAD,1920,1080,landscape,LOW,MEDIUM,,NO,YES,Public_Dataset (Roboflow: kt-nyjuw/floor-plan-nnoub),CC BY 4.0,2026-09-06
FP_0060,FP_0060.jpg,CAD,1920,1080,landscape,MEDIUM,EASY,,YES,YES,Public_Dataset (Roboflow: kt-nyjuw/floor-plan-nnoub),CC BY 4.0,2026-09-06
FP_0061,FP_0061.jpg,CAD,1920,1080,landscape,HIGH,MEDIUM,,YES,YES,Public_Dataset (Roboflow: kt-nyjuw/floor-plan-nnoub),CC BY 4.0,2026-09-06
FP_0062,FP_0062.jpg,CAD,1920,1080,landscape,HIGH,MEDIUM,,YES,YES,Public_Dataset (Roboflow: kt-nyjuw/floor-plan-nnoub),CC BY 4.0,2026-09-06
FP_0063,FP_0063.jpg,CAD,1920,1080,landscape,HIGH,MEDIUM,,YES,YES,Public_Dataset (Roboflow: kt-nyjuw/floor-plan-nnoub),CC BY 4.0,2026-09-06
FP_0064,FP_0064.jpg,CAD,1920,1080,landscape,HIGH,MEDIUM,,YES,YES,Public_Dataset (Roboflow: kt-nyjuw/floor-plan-nnoub),CC BY 4.0,2026-09-06
FP_0065,FP_0065.jpg,CAD,1920,1080,landscape,HIGH,MEDIUM,,YES,YES,Public_Dataset (Roboflow: kt-nyjuw/floor-plan-nnoub),CC BY 4.0,2026-09-06
FP_0066,FP_0066.jpg,CAD,1920,1080,landscape,HIGH,MEDIUM,,YES,YES,Public_Dataset (Roboflow: kt-nyjuw/floor-plan-nnoub),CC BY 4.0,2026-09-06
FP_0067,FP_0067.jpg,CAD,1920,1080,landscape,HIGH,MEDIUM,,YES,YES,Public_Dataset (Roboflow: kt-nyjuw/floor-plan-nnoub),CC BY 4.0,2026-09-06
FP_0068,FP_0068.jpg,CAD,1920,1080,landscape,HIGH,MEDIUM,,YES,YES,Public_Dataset (Roboflow: kt-nyjuw/floor-plan-nnoub),CC BY 4.0,2026-09-06
FP_0069,FP_0069.jpg,CAD,1920,1080,landscape,MEDIUM,EASY,,NO,YES,Public_Dataset (Roboflow: kt-nyjuw/floor-plan-nnoub),CC BY 4.0,2026-09-06
FP_0070,FP_0070.jpg,CAD,1920,1080,landscape,HIGH,MEDIUM,,NO,YES,Public_Dataset (Roboflow: kt-nyjuw/floor-plan-nnoub),CC BY 4.0,2026-09-06
FP_0071,FP_0071.jpg,CAD,1920,1080,landscape,HIGH,MEDIUM,,YES,YES,Public_Dataset (Roboflow: kt-nyjuw/floor-plan-nnoub),CC BY 4.0,2026-09-06
FP_0072,FP_0072.jpg,CAD,1920,1080,landscape,HIGH,EASY,,YES,YES,Public_Dataset (Roboflow: kt-nyjuw/floor-plan-nnoub),CC BY 4.0,2026-09-06
FP_0073,FP_0073.jpg,CAD,1920,1080,landscape,HIGH,MEDIUM,,YES,YES,Public_Dataset (Roboflow: kt-nyjuw/floor-plan-nnoub),CC BY 4.0,2026-09-06
FP_0074,FP_0074.jpg,CAD,1920,1080,landscape,MEDIUM,EASY,,YES,YES,Public_Dataset (Roboflow: kt-nyjuw/floor-plan-nnoub),CC BY 4.0,2026-09-06
FP_0075,FP_0075.jpg,CAD,1920,1080,landscape,HIGH,MEDIUM,,YES,YES,Public_Dataset (Roboflow: kt-nyjuw/floor-plan-nnoub),CC BY 4.0,2026-09-06
FP_0076,FP_0076.jpg,CAD,1920,1080,landscape,HIGH,MEDIUM,,YES,YES,Public_Dataset (Roboflow: kt-nyjuw/floor-plan-nnoub),CC BY 4.0,2026-09-06
FP_0077,FP_0077.jpg,CAD,1920,1080,landscape,HIGH,MEDIUM,,YES,YES,Public_Dataset (Roboflow: kt-nyjuw/floor-plan-nnoub),CC BY 4.0,2026-09-06
FP_0078,FP_0078.jpg,CAD,1920,1080,landscape,HIGH,MEDIUM,,YES,YES,Public_Dataset (Roboflow: kt-nyjuw/floor-plan-nnoub),CC BY 4.0,2026-09-06
FP_0079,FP_0079.jpg,CAD,1920,1080,landscape,LOW,MEDIUM,,YES,YES,Public_Dataset (Roboflow: kt-nyjuw/floor-plan-nnoub),CC BY 4.0,2026-09-06
FP_0080,FP_0080.jpg,CAD,1920,1080,landscape,HIGH,EASY,,YES,YES,Public_Dataset (Roboflow: kt-nyjuw/floor-plan-nnoub),CC BY 4.0,2026-09-06
FP_0081,FP_0081.jpg,CAD,1920,1080,landscape,HIGH,MEDIUM,,YES,YES,Public_Dataset (Roboflow: kt-nyjuw/floor-plan-nnoub),CC BY 4.0,2026-09-06
FP_0082,FP_0082.jpg,CAD,1920,1080,landscape,MEDIUM,EASY,,YES,YES,Public_Dataset (Roboflow: kt-nyjuw/floor-plan-nnoub),CC BY 4.0,2026-09-06
FP_0083,FP_0083.jpg,CAD,1920,1080,landscape,HIGH,MEDIUM,,YES,YES,Public_Dataset (Roboflow: kt-nyjuw/floor-plan-nnoub),CC BY 4.0,2026-09-06
FP_0084,FP_0084.jpg,CAD,1920,1080,landscape,HIGH,MEDIUM,,YES,YES,Public_Dataset (Roboflow: kt-nyjuw/floor-plan-nnoub),CC BY 4.0,2026-09-06
FP_0085,FP_0085.jpg,CAD,1920,1080,landscape,HIGH,MEDIUM,,YES,YES,Public_Dataset (Roboflow: kt-nyjuw/floor-plan-nnoub),CC BY 4.0,2026-09-06
FP_0086,FP_0086.jpg,CAD,1920,1080,landscape,HIGH,MEDIUM,,NO,YES,Public_Dataset (Roboflow: kt-nyjuw/floor-plan-nnoub),CC BY 4.0,2026-09-06
FP_0087,FP_0087.jpg,CAD,1920,1080,landscape,MEDIUM,EASY,,NO,NO,Public_Dataset (Roboflow: kt-nyjuw/floor-plan-nnoub),CC BY 4.0,2026-09-06
FP_0088,FP_0088.jpg,CAD,1920,1080,landscape,LOW,MEDIUM,,NO,YES,Public_Dataset (Roboflow: kt-nyjuw/floor-plan-nnoub),CC BY 4.0,2026-09-06
FP_0089,FP_0089.jpg,CAD,1920,1080,landscape,HIGH,MEDIUM,,YES,YES,Public_Dataset (Roboflow: kt-nyjuw/floor-plan-nnoub),CC BY 4.0,2026-09-06
FP_0090,FP_0090.jpg,CAD,1920,1080,landscape,MEDIUM,EASY,,YES,YES,Public_Dataset (Roboflow: kt-nyjuw/floor-plan-nnoub),CC BY 4.0,2026-09-06
FP_0091,FP_0091.jpg,CAD,1920,1080,landscape,HIGH,MEDIUM,,YES,YES,Public_Dataset (Roboflow: kt-nyjuw/floor-plan-nnoub),CC BY 4.0,2026-09-06
FP_0092,FP_0092.jpg,CAD,1920,1080,landscape,HIGH,EASY,,NO,YES,Public_Dataset (Roboflow: kt-nyjuw/floor-plan-nnoub),CC BY 4.0,2026-09-06
FP_0093,FP_0093.jpg,CAD,1920,1080,landscape,LOW,MEDIUM,,YES,YES,Public_Dataset (Roboflow: kt-nyjuw/floor-plan-nnoub),CC BY 4.0,2026-09-06
FP_0094,FP_0094.jpg,CAD,1920,1080,landscape,HIGH,MEDIUM,,NO,YES,Public_Dataset (Roboflow: kt-nyjuw/floor-plan-nnoub),CC BY 4.0,2026-09-06
FP_0095,FP_0095.jpg,CAD,1920,1080,landscape,LOW,MEDIUM,,NO,YES,Public_Dataset (Roboflow: kt-nyjuw/floor-plan-nnoub),CC BY 4.0,2026-09-06
FP_0096,FP_0096.jpg,CAD,1920,1080,landscape,HIGH,MEDIUM,,YES,YES,Public_Dataset (Roboflow: kt-nyjuw/floor-plan-nnoub),CC BY 4.0,2026-09-06
FP_0097,FP_0097.jpg,CAD,1920,1080,landscape,MEDIUM,EASY,,YES,YES,Public_Dataset (Roboflow: kt-nyjuw/floor-plan-nnoub),CC BY 4.0,2026-09-06
FP_0098,FP_0098.jpg,CAD,1920,1080,landscape,MEDIUM,EASY,,NO,YES,Public_Dataset (Roboflow: kt-nyjuw/floor-plan-nnoub),CC BY 4.0,2026-09-06
FP_0099,FP_0099.jpg,CAD,1920,1080,landscape,HIGH,MEDIUM,,YES,YES,Public_Dataset (Roboflow: kt-nyjuw/floor-plan-nnoub),CC BY 4.0,2026-09-06
FP_0100,FP_0100.jpg,CAD,1920,1080,landscape,HIGH,MEDIUM,,YES,YES,Public_Dataset (Roboflow: kt-nyjuw/floor-plan-nnoub),CC BY 4.0,2026-09-06
FP_0101,FP_0101.jpg,CAD,1920,1080,landscape,HIGH,MEDIUM,,YES,YES,Public_Dataset (Roboflow: kt-nyjuw/floor-plan-nnoub),CC BY 4.0,2026-09-06
FP_0102,FP_0102.jpg,CAD,1920,1080,landscape,HIGH,EASY,,YES,YES,Public_Dataset (Roboflow: kt-nyjuw/floor-plan-nnoub),CC BY 4.0,2026-09-06
FP_0103,FP_0103.jpg,CAD,1920,1080,landscape,HIGH,MEDIUM,,YES,YES,Public_Dataset (Roboflow: kt-nyjuw/floor-plan-nnoub),CC BY 4.0,2026-09-06
FP_0104,FP_0104.jpg,CAD,1920,1080,landscape,HIGH,MEDIUM,,YES,YES,Public_Dataset (Roboflow: kt-nyjuw/floor-plan-nnoub),CC BY 4.0,2026-09-06
FP_0105,FP_0105.jpg,CAD,1920,1080,landscape,HIGH,MEDIUM,,YES,YES,Public_Dataset (Roboflow: kt-nyjuw/floor-plan-nnoub),CC BY 4.0,2026-09-06
FP_0106,FP_0106.jpg,CAD,1920,1080,landscape,HIGH,MEDIUM,,YES,YES,Public_Dataset (Roboflow: kt-nyjuw/floor-plan-nnoub),CC BY 4.0,2026-09-06
FP_0107,FP_0107.jpg,CAD,1920,1080,landscape,HIGH,MEDIUM,,YES,YES,Public_Dataset (Roboflow: kt-nyjuw/floor-plan-nnoub),CC BY 4.0,2026-09-06
FP_0108,FP_0108.jpg,CAD,1920,1080,landscape,HIGH,EASY,,YES,YES,Public_Dataset (Roboflow: kt-nyjuw/floor-plan-nnoub),CC BY 4.0,2026-09-06
FP_0109,FP_0109.jpg,CAD,1920,1080,landscape,HIGH,MEDIUM,,YES,YES,Public_Dataset (Roboflow: kt-nyjuw/floor-plan-nnoub),CC BY 4.0,2026-09-06
FP_0110,FP_0110.jpg,CAD,1920,1080,landscape,HIGH,MEDIUM,,YES,YES,Public_Dataset (Roboflow: kt-nyjuw/floor-plan-nnoub),CC BY 4.0,2026-09-06
FP_0111,FP_0111.jpg,CAD,1920,1080,landscape,HIGH,MEDIUM,,YES,YES,Public_Dataset (Roboflow: kt-nyjuw/floor-plan-nnoub),CC BY 4.0,2026-09-06
FP_0112,FP_0112.jpg,CAD,1920,1080,landscape,MEDIUM,EASY,,YES,YES,Public_Dataset (Roboflow: kt-nyjuw/floor-plan-nnoub),CC BY 4.0,2026-09-06
FP_0113,FP_0113.jpg,CAD,1920,1080,landscape,HIGH,MEDIUM,,YES,YES,Public_Dataset (Roboflow: kt-nyjuw/floor-plan-nnoub),CC BY 4.0,2026-09-06
FP_0114,FP_0114.jpg,CAD,1920,1080,landscape,HIGH,EASY,,YES,YES,Public_Dataset (Roboflow: kt-nyjuw/floor-plan-nnoub),CC BY 4.0,2026-09-06
FP_0115,FP_0115.jpg,CAD,1920,1080,landscape,HIGH,EASY,,YES,YES,Public_Dataset (Roboflow: kt-nyjuw/floor-plan-nnoub),CC BY 4.0,2026-09-06
FP_0116,FP_0116.jpg,CAD,1920,1080,landscape,HIGH,MEDIUM,,YES,YES,Public_Dataset (Roboflow: kt-nyjuw/floor-plan-nnoub),CC BY 4.0,2026-09-06
FP_0117,FP_0117.jpg,CAD,1920,1080,landscape,HIGH,EASY,,YES,YES,Public_Dataset (Roboflow: kt-nyjuw/floor-plan-nnoub),CC BY 4.0,2026-09-06
FP_0118,FP_0118.jpg,CAD,1920,1080,landscape,HIGH,MEDIUM,,YES,YES,Public_Dataset (Roboflow: kt-nyjuw/floor-plan-nnoub),CC BY 4.0,2026-09-06
FP_0119,FP_0119.jpg,CAD,1920,1080,landscape,HIGH,MEDIUM,,YES,YES,Public_Dataset (Roboflow: kt-nyjuw/floor-plan-nnoub),CC BY 4.0,2026-09-06
FP_0120,FP_0120.jpg,CAD,1920,1080,landscape,MEDIUM,EASY,,NO,YES,Public_Dataset (Roboflow: kt-nyjuw/floor-plan-nnoub),CC BY 4.0,2026-09-06
FP_0121,FP_0121.jpg,CAD,1920,1080,landscape,HIGH,MEDIUM,,NO,YES,Public_Dataset (Roboflow: kt-nyjuw/floor-plan-nnoub),CC BY 4.0,2026-09-06
FP_0122,FP_0122.jpg,CAD,1920,1080,landscape,HIGH,MEDIUM,,YES,YES,Public_Dataset (Roboflow: kt-nyjuw/floor-plan-nnoub),CC BY 4.0,2026-09-06
FP_0123,FP_0123.jpg,CAD,1920,1080,landscape,HIGH,MEDIUM,,YES,YES,Public_Dataset (Roboflow: kt-nyjuw/floor-plan-nnoub),CC BY 4.0,2026-09-06
FP_0124,FP_0124.jpg,CAD,1920,1080,landscape,HIGH,MEDIUM,,YES,YES,Public_Dataset (Roboflow: kt-nyjuw/floor-plan-nnoub),CC BY 4.0,2026-09-06
FP_0125,FP_0125.jpg,CAD,1920,1080,landscape,HIGH,MEDIUM,,YES,YES,Public_Dataset (Roboflow: kt-nyjuw/floor-plan-nnoub),CC BY 4.0,2026-09-06
FP_0126,FP_0126.jpg,CAD,1920,1080,landscape,HIGH,MEDIUM,,YES,YES,Public_Dataset (Roboflow: kt-nyjuw/floor-plan-nnoub),CC BY 4.0,2026-09-06
FP_0127,FP_0127.jpg,CAD,1920,1080,landscape,HIGH,MEDIUM,,YES,YES,Public_Dataset (Roboflow: kt-nyjuw/floor-plan-nnoub),CC BY 4.0,2026-09-06
FP_0128,FP_0128.jpg,CAD,1920,1080,landscape,MEDIUM,EASY,,NO,YES,Public_Dataset (Roboflow: kt-nyjuw/floor-plan-nnoub),CC BY 4.0,2026-09-06
FP_0129,FP_0129.jpg,CAD,1920,1080,landscape,LOW,MEDIUM,,NO,YES,Public_Dataset (Roboflow: kt-nyjuw/floor-plan-nnoub),CC BY 4.0,2026-09-06
FP_0130,FP_0130.jpg,CAD,1920,1080,landscape,LOW,MEDIUM,,YES,YES,Public_Dataset (Roboflow: kt-nyjuw/floor-plan-nnoub),CC BY 4.0,2026-09-06
FP_0131,FP_0131.jpg,CAD,1920,1080,landscape,HIGH,MEDIUM,,NO,YES,Public_Dataset (Roboflow: kt-nyjuw/floor-plan-nnoub),CC BY 4.0,2026-09-06
FP_0132,FP_0132.jpg,CAD,1920,1080,landscape,MEDIUM,MEDIUM,,NO,YES,Public_Dataset (Roboflow: kt-nyjuw/floor-plan-nnoub),CC BY 4.0,2026-09-06
FP_0133,FP_0133.jpg,CAD,1920,1080,landscape,MEDIUM,MEDIUM,,NO,YES,Public_Dataset (Roboflow: kt-nyjuw/floor-plan-nnoub),CC BY 4.0,2026-09-06
FP_0134,FP_0134.jpg,CAD,1920,1080,landscape,MEDIUM,MEDIUM,,NO,YES,Public_Dataset (Roboflow: kt-nyjuw/floor-plan-nnoub),CC BY 4.0,2026-09-06
FP_0135,FP_0135.jpg,CAD,1920,1080,landscape,HIGH,MEDIUM,,YES,YES,Public_Dataset (Roboflow: kt-nyjuw/floor-plan-nnoub),CC BY 4.0,2026-09-06
FP_0136,FP_0136.jpg,CAD,1920,1080,landscape,HIGH,MEDIUM,,YES,YES,Public_Dataset (Roboflow: kt-nyjuw/floor-plan-nnoub),CC BY 4.0,2026-09-06
FP_0137,FP_0137.jpg,CAD,1920,1080,landscape,LOW,MEDIUM,,NO,YES,Public_Dataset (Roboflow: kt-nyjuw/floor-plan-nnoub),CC BY 4.0,2026-09-06
FP_0138,FP_0138.jpg,CAD,1920,1080,landscape,LOW,MEDIUM,,NO,YES,Public_Dataset (Roboflow: kt-nyjuw/floor-plan-nnoub),CC BY 4.0,2026-09-06
FP_0139,FP_0139.jpg,CAD,1920,1080,landscape,MEDIUM,EASY,,NO,YES,Public_Dataset (Roboflow: kt-nyjuw/floor-plan-nnoub),CC BY 4.0,2026-09-06
FP_0140,FP_0140.jpg,CAD,1920,1080,landscape,LOW,MEDIUM,,YES,YES,Public_Dataset (Roboflow: kt-nyjuw/floor-plan-nnoub),CC BY 4.0,2026-09-06
FP_0141,FP_0141.jpg,CAD,1920,1080,landscape,LOW,MEDIUM,,NO,YES,Public_Dataset (Roboflow: kt-nyjuw/floor-plan-nnoub),CC BY 4.0,2026-09-06
FP_0142,FP_0142.jpg,CAD,1920,1080,landscape,MEDIUM,MEDIUM,,YES,YES,Public_Dataset (Roboflow: kt-nyjuw/floor-plan-nnoub),CC BY 4.0,2026-09-06
FP_0143,FP_0143.jpg,CAD,1920,1080,landscape,LOW,MEDIUM,,NO,YES,Public_Dataset (Roboflow: kt-nyjuw/floor-plan-nnoub),CC BY 4.0,2026-09-06
FP_0144,FP_0144.jpg,CAD,1920,1080,landscape,HIGH,MEDIUM,,NO,YES,Public_Dataset (Roboflow: kt-nyjuw/floor-plan-nnoub),CC BY 4.0,2026-09-06
FP_0145,FP_0145.jpg,CAD,1920,1080,landscape,HIGH,MEDIUM,,NO,YES,Public_Dataset (Roboflow: kt-nyjuw/floor-plan-nnoub),CC BY 4.0,2026-09-06
FP_0146,FP_0146.jpg,CAD,1920,1080,landscape,MEDIUM,MEDIUM,,NO,YES,Public_Dataset (Roboflow: kt-nyjuw/floor-plan-nnoub),CC BY 4.0,2026-09-06
FP_0147,FP_0147.jpg,CAD,1920,1080,landscape,HIGH,HARD,,YES,YES,Public_Dataset (Roboflow: kt-nyjuw/floor-plan-nnoub),CC BY 4.0,2026-09-06
FP_0148,FP_0148.jpg,CAD,1920,1080,landscape,LOW,MEDIUM,,NO,YES,Public_Dataset (Roboflow: kt-nyjuw/floor-plan-nnoub),CC BY 4.0,2026-09-06
FP_0149,FP_0149.jpg,CAD,1920,1080,landscape,LOW,MEDIUM,,YES,YES,Public_Dataset (Roboflow: kt-nyjuw/floor-plan-nnoub),CC BY 4.0,2026-09-06
FP_0150,FP_0150.jpg,CAD,1920,1080,landscape,MEDIUM,MEDIUM,,YES,YES,Public_Dataset (Roboflow: kt-nyjuw/floor-plan-nnoub),CC BY 4.0,2026-09-06
FP_0151,FP_0151.jpg,CAD,1920,1080,landscape,HIGH,MEDIUM,,NO,YES,Public_Dataset (Roboflow: kt-nyjuw/floor-plan-nnoub),CC BY 4.0,2026-09-06
FP_0152,FP_0152.jpg,CAD,1920,1080,landscape,LOW,MEDIUM,,NO,YES,Public_Dataset (Roboflow: kt-nyjuw/floor-plan-nnoub),CC BY 4.0,2026-09-06
FP_0153,FP_0153.jpg,CAD,1920,1080,landscape,MEDIUM,MEDIUM,,NO,YES,Public_Dataset (Roboflow: kt-nyjuw/floor-plan-nnoub),CC BY 4.0,2026-09-06
FP_0154,FP_0154.jpg,CAD,1920,1080,landscape,LOW,MEDIUM,,NO,YES,Public_Dataset (Roboflow: kt-nyjuw/floor-plan-nnoub),CC BY 4.0,2026-09-06
FP_0155,FP_0155.jpg,CAD,1920,1080,landscape,LOW,MEDIUM,,YES,YES,Public_Dataset (Roboflow: kt-nyjuw/floor-plan-nnoub),CC BY 4.0,2026-09-06
FP_0156,FP_0156.jpg,CAD,1920,1080,landscape,MEDIUM,EASY,,YES,YES,Public_Dataset (Roboflow: kt-nyjuw/floor-plan-nnoub),CC BY 4.0,2026-09-06
FP_0157,FP_0157.jpg,CAD,1920,1080,landscape,LOW,MEDIUM,,YES,YES,Public_Dataset (Roboflow: kt-nyjuw/floor-plan-nnoub),CC BY 4.0,2026-09-06
FP_0158,FP_0158.jpg,CAD,1920,1080,landscape,MEDIUM,EASY,,YES,YES,Public_Dataset (Roboflow: kt-nyjuw/floor-plan-nnoub),CC BY 4.0,2026-09-06
FP_0159,FP_0159.jpg,CAD,1920,1080,landscape,MEDIUM,EASY,,NO,YES,Public_Dataset (Roboflow: kt-nyjuw/floor-plan-nnoub),CC BY 4.0,2026-09-06
FP_0160,FP_0160.jpg,CAD,1920,1080,landscape,HIGH,EASY,,NO,YES,Public_Dataset (Roboflow: kt-nyjuw/floor-plan-nnoub),CC BY 4.0,2026-09-06
FP_0161,FP_0161.jpg,CAD,1920,1080,landscape,MEDIUM,EASY,,YES,YES,Public_Dataset (Roboflow: kt-nyjuw/floor-plan-nnoub),CC BY 4.0,2026-09-06
FP_0162,FP_0162.jpg,CAD,1920,1080,landscape,LOW,MEDIUM,,NO,YES,Public_Dataset (Roboflow: kt-nyjuw/floor-plan-nnoub),CC BY 4.0,2026-09-06
FP_0163,FP_0163.jpg,CAD,1920,1080,landscape,MEDIUM,MEDIUM,,NO,YES,Public_Dataset (Roboflow: kt-nyjuw/floor-plan-nnoub),CC BY 4.0,2026-09-06
FP_0164,FP_0164.jpg,CAD,1920,1080,landscape,HIGH,MEDIUM,,NO,YES,Public_Dataset (Roboflow: kt-nyjuw/floor-plan-nnoub),CC BY 4.0,2026-09-06
FP_0165,FP_0165.jpg,CAD,1920,1080,landscape,LOW,MEDIUM,,NO,YES,Public_Dataset (Roboflow: kt-nyjuw/floor-plan-nnoub),CC BY 4.0,2026-09-06
FP_0166,FP_0166.jpg,CAD,1920,1080,landscape,LOW,MEDIUM,,YES,YES,Public_Dataset (Roboflow: kt-nyjuw/floor-plan-nnoub),CC BY 4.0,2026-09-06
FP_0167,FP_0167.jpg,CAD,1920,1080,landscape,HIGH,EASY,,YES,YES,Public_Dataset (Roboflow: kt-nyjuw/floor-plan-nnoub),CC BY 4.0,2026-09-06
FP_0168,FP_0168.jpg,CAD,1920,1080,landscape,HIGH,MEDIUM,,NO,YES,Public_Dataset (Roboflow: kt-nyjuw/floor-plan-nnoub),CC BY 4.0,2026-09-06
FP_0169,FP_0169.jpg,CAD,1920,1080,landscape,HIGH,MEDIUM,,YES,YES,Public_Dataset (Roboflow: kt-nyjuw/floor-plan-nnoub),CC BY 4.0,2026-09-06
FP_0170,FP_0170.jpg,CAD,1920,1080,landscape,MEDIUM,MEDIUM,,NO,YES,Public_Dataset (Roboflow: kt-nyjuw/floor-plan-nnoub),CC BY 4.0,2026-09-06
FP_0171,FP_0171.jpg,CAD,1920,1080,landscape,HIGH,MEDIUM,,YES,YES,Public_Dataset (Roboflow: kt-nyjuw/floor-plan-nnoub),CC BY 4.0,2026-09-06
FP_0172,FP_0172.jpg,CAD,1920,1080,landscape,MEDIUM,MEDIUM,,YES,YES,Public_Dataset (Roboflow: kt-nyjuw/floor-plan-nnoub),CC BY 4.0,2026-09-06
FP_0173,FP_0173.jpg,CAD,1920,1080,landscape,MEDIUM,MEDIUM,,NO,YES,Public_Dataset (Roboflow: kt-nyjuw/floor-plan-nnoub),CC BY 4.0,2026-09-06
FP_0174,FP_0174.jpg,CAD,1920,1080,landscape,LOW,MEDIUM,,YES,YES,Public_Dataset (Roboflow: kt-nyjuw/floor-plan-nnoub),CC BY 4.0,2026-09-06
FP_0175,FP_0175.jpg,CAD,1920,1080,landscape,HIGH,MEDIUM,,YES,YES,Public_Dataset (Roboflow: kt-nyjuw/floor-plan-nnoub),CC BY 4.0,2026-09-06
FP_0176,FP_0176.jpg,CAD,1920,1080,landscape,HIGH,EASY,,YES,YES,Public_Dataset (Roboflow: kt-nyjuw/floor-plan-nnoub),CC BY 4.0,2026-09-06
FP_0177,FP_0177.jpg,CAD,1920,1080,landscape,HIGH,MEDIUM,,YES,YES,Public_Dataset (Roboflow: kt-nyjuw/floor-plan-nnoub),CC BY 4.0,2026-09-06
FP_0178,FP_0178.jpg,CAD,1920,1080,landscape,MEDIUM,EASY,,YES,YES,Public_Dataset (Roboflow: kt-nyjuw/floor-plan-nnoub),CC BY 4.0,2026-09-06
FP_0179,FP_0179.jpg,CAD,1920,1080,landscape,MEDIUM,EASY,,YES,YES,Public_Dataset (Roboflow: kt-nyjuw/floor-plan-nnoub),CC BY 4.0,2026-09-06
FP_0180,FP_0180.jpg,CAD,1920,1080,landscape,MEDIUM,MEDIUM,,NO,YES,Public_Dataset (Roboflow: kt-nyjuw/floor-plan-nnoub),CC BY 4.0,2026-09-06
FP_0181,FP_0181.jpg,CAD,1920,1080,landscape,HIGH,MEDIUM,,NO,YES,Public_Dataset (Roboflow: kt-nyjuw/floor-plan-nnoub),CC BY 4.0,2026-09-06
FP_0182,FP_0182.jpg,CAD,1920,1080,landscape,LOW,MEDIUM,,NO,YES,Public_Dataset (Roboflow: kt-nyjuw/floor-plan-nnoub),CC BY 4.0,2026-09-06
FP_0183,FP_0183.jpg,CAD,1920,1080,landscape,LOW,MEDIUM,,YES,YES,Public_Dataset (Roboflow: kt-nyjuw/floor-plan-nnoub),CC BY 4.0,2026-09-06
FP_0184,FP_0184.jpg,CAD,1920,1080,landscape,MEDIUM,EASY,,NO,YES,Public_Dataset (Roboflow: kt-nyjuw/floor-plan-nnoub),CC BY 4.0,2026-09-06
FP_0185,FP_0185.jpg,CAD,1920,1080,landscape,LOW,HARD,,NO,YES,Public_Dataset (Roboflow: kt-nyjuw/floor-plan-nnoub),CC BY 4.0,2026-09-06
FP_0186,FP_0186.jpg,CAD,1920,1080,landscape,MEDIUM,MEDIUM,,YES,YES,Public_Dataset (Roboflow: kt-nyjuw/floor-plan-nnoub),CC BY 4.0,2026-09-06
FP_0187,FP_0187.jpg,CAD,1920,1080,landscape,HIGH,MEDIUM,,YES,YES,Public_Dataset (Roboflow: kt-nyjuw/floor-plan-nnoub),CC BY 4.0,2026-09-06
FP_0188,FP_0188.jpg,CAD,1920,1080,landscape,LOW,MEDIUM,,NO,YES,Public_Dataset (Roboflow: kt-nyjuw/floor-plan-nnoub),CC BY 4.0,2026-09-06
FP_0189,FP_0189.jpg,CAD,1920,1080,landscape,MEDIUM,MEDIUM,,YES,YES,Public_Dataset (Roboflow: kt-nyjuw/floor-plan-nnoub),CC BY 4.0,2026-09-06
FP_0190,FP_0190.jpg,CAD,1920,1080,landscape,MEDIUM,MEDIUM,,NO,YES,Public_Dataset (Roboflow: kt-nyjuw/floor-plan-nnoub),CC BY 4.0,2026-09-06
FP_0191,FP_0191.jpg,CAD,1920,1080,landscape,LOW,MEDIUM,,NO,YES,Public_Dataset (Roboflow: kt-nyjuw/floor-plan-nnoub),CC BY 4.0,2026-09-06
FP_0192,FP_0192.jpg,CAD,1920,1080,landscape,LOW,MEDIUM,,YES,YES,Public_Dataset (Roboflow: kt-nyjuw/floor-plan-nnoub),CC BY 4.0,2026-09-06
FP_0193,FP_0193.jpg,CAD,1920,1080,landscape,MEDIUM,MEDIUM,,NO,YES,Public_Dataset (Roboflow: kt-nyjuw/floor-plan-nnoub),CC BY 4.0,2026-09-06
FP_0194,FP_0194.jpg,CAD,1920,1080,landscape,LOW,MEDIUM,,NO,YES,Public_Dataset (Roboflow: kt-nyjuw/floor-plan-nnoub),CC BY 4.0,2026-09-06
FP_0195,FP_0195.jpg,CAD,1920,1080,landscape,MEDIUM,EASY,,YES,YES,Public_Dataset (Roboflow: kt-nyjuw/floor-plan-nnoub),CC BY 4.0,2026-09-06
FP_0196,FP_0196.jpg,CAD,1920,1080,landscape,MEDIUM,EASY,,NO,YES,Public_Dataset (Roboflow: kt-nyjuw/floor-plan-nnoub),CC BY 4.0,2026-09-06
FP_0197,FP_0197.jpg,CAD,1920,1080,landscape,LOW,MEDIUM,,NO,YES,Public_Dataset (Roboflow: kt-nyjuw/floor-plan-nnoub),CC BY 4.0,2026-09-06
FP_0198,FP_0198.jpg,CAD,1920,1080,landscape,LOW,MEDIUM,,NO,YES,Public_Dataset (Roboflow: kt-nyjuw/floor-plan-nnoub),CC BY 4.0,2026-09-06
FP_0199,FP_0199.jpg,CAD,1920,1080,landscape,MEDIUM,MEDIUM,,YES,YES,Public_Dataset (Roboflow: kt-nyjuw/floor-plan-nnoub),CC BY 4.0,2026-09-06
FP_0200,FP_0200.jpg,CAD,1920,1080,landscape,MEDIUM,MEDIUM,,NO,YES,Public_Dataset (Roboflow: kt-nyjuw/floor-plan-nnoub),CC BY 4.0,2026-09-06
FP_0201,FP_0201.jpg,CAD,1920,1080,landscape,HIGH,EASY,,YES,YES,Public_Dataset (Roboflow: kt-nyjuw/floor-plan-nnoub),CC BY 4.0,2026-09-06
FP_0202,FP_0202.jpg,CAD,1920,1080,landscape,MEDIUM,EASY,,NO,YES,Public_Dataset (Roboflow: kt-nyjuw/floor-plan-nnoub),CC BY 4.0,2026-09-06
FP_0203,FP_0203.jpg,CAD,1920,1080,landscape,LOW,MEDIUM,,NO,YES,Public_Dataset (Roboflow: kt-nyjuw/floor-plan-nnoub),CC BY 4.0,2026-09-06
FP_0204,FP_0204.jpg,CAD,1920,1080,landscape,LOW,MEDIUM,,YES,YES,Public_Dataset (Roboflow: kt-nyjuw/floor-plan-nnoub),CC BY 4.0,2026-09-06
FP_0205,FP_0205.jpg,CAD,1920,1080,landscape,HIGH,HARD,,NO,YES,Public_Dataset (Roboflow: kt-nyjuw/floor-plan-nnoub),CC BY 4.0,2026-09-06
FP_0206,FP_0206.jpg,CAD,1920,1080,landscape,HIGH,MEDIUM,,YES,YES,Public_Dataset (Roboflow: kt-nyjuw/floor-plan-nnoub),CC BY 4.0,2026-09-06
FP_0207,FP_0207.jpg,CAD,1920,1080,landscape,LOW,MEDIUM,,YES,YES,Public_Dataset (Roboflow: kt-nyjuw/floor-plan-nnoub),CC BY 4.0,2026-09-06
FP_0208,FP_0208.jpg,CAD,1920,1080,landscape,MEDIUM,EASY,,NO,YES,Public_Dataset (Roboflow: kt-nyjuw/floor-plan-nnoub),CC BY 4.0,2026-09-06
FP_0209,FP_0209.jpg,CAD,1920,1080,landscape,HIGH,EASY,,NO,YES,Public_Dataset (Roboflow: kt-nyjuw/floor-plan-nnoub),CC BY 4.0,2026-09-06
FP_0210,FP_0210.jpg,CAD,1920,1080,landscape,MEDIUM,MEDIUM,,YES,YES,Public_Dataset (Roboflow: kt-nyjuw/floor-plan-nnoub),CC BY 4.0,2026-09-06
FP_0211,FP_0211.jpg,CAD,1920,1080,landscape,MEDIUM,MEDIUM,,NO,YES,Public_Dataset (Roboflow: kt-nyjuw/floor-plan-nnoub),CC BY 4.0,2026-09-06
FP_0212,FP_0212.jpg,CAD,1920,1080,landscape,HIGH,MEDIUM,,NO,YES,Public_Dataset (Roboflow: kt-nyjuw/floor-plan-nnoub),CC BY 4.0,2026-09-06
FP_0213,FP_0213.jpg,CAD,1920,1080,landscape,HIGH,EASY,,YES,YES,Public_Dataset (Roboflow: kt-nyjuw/floor-plan-nnoub),CC BY 4.0,2026-09-06
FP_0214,FP_0214.jpg,CAD,1920,1080,landscape,MEDIUM,MEDIUM,,NO,YES,Public_Dataset (Roboflow: kt-nyjuw/floor-plan-nnoub),CC BY 4.0,2026-09-06
FP_0215,FP_0215.jpg,CAD,1920,1080,landscape,MEDIUM,MEDIUM,,NO,YES,Public_Dataset (Roboflow: kt-nyjuw/floor-plan-nnoub),CC BY 4.0,2026-09-06
FP_0216,FP_0216.jpg,CAD,1920,1080,landscape,MEDIUM,MEDIUM,,NO,YES,Public_Dataset (Roboflow: kt-nyjuw/floor-plan-nnoub),CC BY 4.0,2026-09-06
FP_0217,FP_0217.jpg,CAD,1920,1080,landscape,HIGH,MEDIUM,,NO,YES,Public_Dataset (Roboflow: kt-nyjuw/floor-plan-nnoub),CC BY 4.0,2026-09-06
FP_0218,FP_0218.jpg,CAD,1920,1080,landscape,HIGH,EASY,,NO,YES,Public_Dataset (Roboflow: kt-nyjuw/floor-plan-nnoub),CC BY 4.0,2026-09-06
FP_0219,FP_0219.jpg,CAD,1920,1080,landscape,HIGH,MEDIUM,,NO,YES,Public_Dataset (Roboflow: kt-nyjuw/floor-plan-nnoub),CC BY 4.0,2026-09-06
FP_0220,FP_0220.jpg,CAD,1920,1080,landscape,MEDIUM,MEDIUM,,NO,YES,Public_Dataset (Roboflow: kt-nyjuw/floor-plan-nnoub),CC BY 4.0,2026-09-06
FP_0221,FP_0221.jpg,CAD,1920,1080,landscape,MEDIUM,MEDIUM,,NO,YES,Public_Dataset (Roboflow: kt-nyjuw/floor-plan-nnoub),CC BY 4.0,2026-09-06
FP_0222,FP_0222.jpg,CAD,1920,1080,landscape,HIGH,MEDIUM,,NO,YES,Public_Dataset (Roboflow: kt-nyjuw/floor-plan-nnoub),CC BY 4.0,2026-09-06
FP_0223,FP_0223.jpg,CAD,1920,1080,landscape,MEDIUM,MEDIUM,,NO,YES,Public_Dataset (Roboflow: kt-nyjuw/floor-plan-nnoub),CC BY 4.0,2026-09-06
FP_0224,FP_0224.jpg,CAD,1920,1080,landscape,MEDIUM,EASY,,NO,YES,Public_Dataset (Roboflow: kt-nyjuw/floor-plan-nnoub),CC BY 4.0,2026-09-06
FP_0225,FP_0225.jpg,CAD,1920,1080,landscape,MEDIUM,MEDIUM,,NO,YES,Public_Dataset (Roboflow: kt-nyjuw/floor-plan-nnoub),CC BY 4.0,2026-09-06
FP_0226,FP_0226.jpg,CAD,1920,1080,landscape,HIGH,EASY,,NO,YES,Public_Dataset (Roboflow: kt-nyjuw/floor-plan-nnoub),CC BY 4.0,2026-09-06
FP_0227,FP_0227.jpg,CAD,1920,1080,landscape,HIGH,EASY,,YES,YES,Public_Dataset (Roboflow: kt-nyjuw/floor-plan-nnoub),CC BY 4.0,2026-09-06
FP_0228,FP_0228.jpg,CAD,1920,1080,landscape,HIGH,EASY,,YES,YES,Public_Dataset (Roboflow: kt-nyjuw/floor-plan-nnoub),CC BY 4.0,2026-09-06
FP_0229,FP_0229.jpg,CAD,1920,1080,landscape,MEDIUM,MEDIUM,,YES,YES,Public_Dataset (Roboflow: kt-nyjuw/floor-plan-nnoub),CC BY 4.0,2026-09-06
FP_0230,FP_0230.jpg,CAD,1920,1080,landscape,MEDIUM,MEDIUM,,NO,YES,Public_Dataset (Roboflow: kt-nyjuw/floor-plan-nnoub),CC BY 4.0,2026-09-06
FP_0231,FP_0231.jpg,CAD,1920,1080,landscape,MEDIUM,EASY,,YES,YES,Public_Dataset (Roboflow: kt-nyjuw/floor-plan-nnoub),CC BY 4.0,2026-09-06
FP_0232,FP_0232.jpg,CAD,1920,1080,landscape,LOW,MEDIUM,,NO,YES,Public_Dataset (Roboflow: kt-nyjuw/floor-plan-nnoub),CC BY 4.0,2026-09-06
FP_0233,FP_0233.jpg,CAD,1920,1080,landscape,MEDIUM,EASY,,YES,YES,Public_Dataset (Roboflow: kt-nyjuw/floor-plan-nnoub),CC BY 4.0,2026-09-06
FP_0234,FP_0234.jpg,CAD,1920,1080,landscape,MEDIUM,MEDIUM,,NO,YES,Public_Dataset (Roboflow: kt-nyjuw/floor-plan-nnoub),CC BY 4.0,2026-09-06
FP_0235,FP_0235.jpg,CAD,1920,1080,landscape,LOW,MEDIUM,,NO,YES,Public_Dataset (Roboflow: kt-nyjuw/floor-plan-nnoub),CC BY 4.0,2026-09-06
FP_0236,FP_0236.jpg,CAD,1920,1080,landscape,LOW,MEDIUM,,YES,YES,Public_Dataset (Roboflow: kt-nyjuw/floor-plan-nnoub),CC BY 4.0,2026-09-06
FP_0237,FP_0237.jpg,CAD,1920,1080,landscape,MEDIUM,MEDIUM,,NO,YES,Public_Dataset (Roboflow: kt-nyjuw/floor-plan-nnoub),CC BY 4.0,2026-09-06
FP_0238,FP_0238.jpg,CAD,1920,1080,landscape,MEDIUM,EASY,,NO,YES,Public_Dataset (Roboflow: kt-nyjuw/floor-plan-nnoub),CC BY 4.0,2026-09-06
FP_0239,FP_0239.jpg,CAD,1920,1080,landscape,HIGH,EASY,,NO,YES,Public_Dataset (Roboflow: kt-nyjuw/floor-plan-nnoub),CC BY 4.0,2026-09-06
FP_0240,FP_0240.jpg,CAD,1920,1080,landscape,MEDIUM,MEDIUM,,NO,YES,Public_Dataset (Roboflow: kt-nyjuw/floor-plan-nnoub),CC BY 4.0,2026-09-06
FP_0241,FP_0241.jpg,CAD,1920,1080,landscape,LOW,MEDIUM,,YES,YES,Public_Dataset (Roboflow: kt-nyjuw/floor-plan-nnoub),CC BY 4.0,2026-09-06
FP_0242,FP_0242.jpg,CAD,1920,1080,landscape,MEDIUM,MEDIUM,,NO,YES,Public_Dataset (Roboflow: kt-nyjuw/floor-plan-nnoub),CC BY 4.0,2026-09-06
FP_0243,FP_0243.jpg,CAD,1920,1080,landscape,HIGH,HARD,,NO,YES,Public_Dataset (Roboflow: kt-nyjuw/floor-plan-nnoub),CC BY 4.0,2026-09-06
FP_0244,FP_0244.jpg,CAD,1920,1080,landscape,MEDIUM,MEDIUM,,YES,YES,Public_Dataset (Roboflow: kt-nyjuw/floor-plan-nnoub),CC BY 4.0,2026-09-06
FP_0245,FP_0245.jpg,CAD,1920,1080,landscape,HIGH,EASY,,YES,YES,Public_Dataset (Roboflow: kt-nyjuw/floor-plan-nnoub),CC BY 4.0,2026-09-06
FP_0246,FP_0246.jpg,CAD,1920,1080,landscape,HIGH,EASY,,YES,YES,Public_Dataset (Roboflow: kt-nyjuw/floor-plan-nnoub),CC BY 4.0,2026-09-06
FP_0247,FP_0247.jpg,CAD,1920,1080,landscape,LOW,MEDIUM,,YES,YES,Public_Dataset (Roboflow: kt-nyjuw/floor-plan-nnoub),CC BY 4.0,2026-09-06
FP_0248,FP_0248.jpg,CAD,1920,1080,landscape,MEDIUM,MEDIUM,,NO,YES,Public_Dataset (Roboflow: kt-nyjuw/floor-plan-nnoub),CC BY 4.0,2026-09-06
FP_0249,FP_0249.jpg,CAD,1920,1080,landscape,LOW,MEDIUM,,YES,YES,Public_Dataset (Roboflow: kt-nyjuw/floor-plan-nnoub),CC BY 4.0,2026-09-06
FP_0250,FP_0250.jpg,CAD,1920,1080,landscape,HIGH,EASY,,NO,YES,Public_Dataset (Roboflow: kt-nyjuw/floor-plan-nnoub),CC BY 4.0,2026-09-06
FP_0251,FP_0251.jpg,CAD,1920,1080,landscape,HIGH,MEDIUM,,NO,YES,Public_Dataset (Roboflow: kt-nyjuw/floor-plan-nnoub),CC BY 4.0,2026-09-06
FP_0252,FP_0252.jpg,CAD,1920,1080,landscape,HIGH,HARD,,YES,YES,Public_Dataset (Roboflow: kt-nyjuw/floor-plan-nnoub),CC BY 4.0,2026-09-06
FP_0253,FP_0253.jpg,CAD,1920,1080,landscape,HIGH,MEDIUM,,NO,YES,Public_Dataset (Roboflow: kt-nyjuw/floor-plan-nnoub),CC BY 4.0,2026-09-06
FP_0254,FP_0254.jpg,CAD,1920,1080,landscape,LOW,MEDIUM,,YES,YES,Public_Dataset (Roboflow: kt-nyjuw/floor-plan-nnoub),CC BY 4.0,2026-09-06
FP_0255,FP_0255.jpg,CAD,1920,1080,landscape,MEDIUM,EASY,,YES,YES,Public_Dataset (Roboflow: kt-nyjuw/floor-plan-nnoub),CC BY 4.0,2026-09-06
FP_0256,FP_0256.jpg,CAD,1920,1080,landscape,MEDIUM,MEDIUM,,NO,YES,Public_Dataset (Roboflow: kt-nyjuw/floor-plan-nnoub),CC BY 4.0,2026-09-06
FP_0257,FP_0257.jpg,CAD,1920,1080,landscape,MEDIUM,MEDIUM,,YES,YES,Public_Dataset (Roboflow: kt-nyjuw/floor-plan-nnoub),CC BY 4.0,2026-09-06
FP_0258,FP_0258.jpg,CAD,1920,1080,landscape,MEDIUM,MEDIUM,,NO,YES,Public_Dataset (Roboflow: kt-nyjuw/floor-plan-nnoub),CC BY 4.0,2026-09-06
FP_0259,FP_0259.jpg,CAD,1920,1080,landscape,MEDIUM,MEDIUM,,NO,YES,Public_Dataset (Roboflow: kt-nyjuw/floor-plan-nnoub),CC BY 4.0,2026-09-06
FP_0260,FP_0260.jpg,CAD,1920,1080,landscape,HIGH,MEDIUM,,YES,YES,Public_Dataset (Roboflow: kt-nyjuw/floor-plan-nnoub),CC BY 4.0,2026-09-06
FP_0261,FP_0261.jpg,CAD,1920,1080,landscape,MEDIUM,EASY,,YES,YES,Public_Dataset (Roboflow: kt-nyjuw/floor-plan-nnoub),CC BY 4.0,2026-09-06
FP_0262,FP_0262.jpg,CAD,1920,1080,landscape,LOW,MEDIUM,,YES,YES,Public_Dataset (Roboflow: kt-nyjuw/floor-plan-nnoub),CC BY 4.0,2026-09-06
FP_0263,FP_0263.jpg,CAD,1920,1080,landscape,HIGH,EASY,,NO,YES,Public_Dataset (Roboflow: kt-nyjuw/floor-plan-nnoub),CC BY 4.0,2026-09-06
FP_0264,FP_0264.jpg,CAD,1920,1080,landscape,MEDIUM,MEDIUM,,YES,YES,Public_Dataset (Roboflow: kt-nyjuw/floor-plan-nnoub),CC BY 4.0,2026-09-06
FP_0265,FP_0265.jpg,CAD,1920,1080,landscape,MEDIUM,MEDIUM,,NO,YES,Public_Dataset (Roboflow: kt-nyjuw/floor-plan-nnoub),CC BY 4.0,2026-09-06
FP_0266,FP_0266.jpg,CAD,1920,1080,landscape,MEDIUM,EASY,,NO,YES,Public_Dataset (Roboflow: kt-nyjuw/floor-plan-nnoub),CC BY 4.0,2026-09-06
FP_0267,FP_0267.jpg,CAD,1920,1080,landscape,LOW,MEDIUM,,NO,YES,Public_Dataset (Roboflow: kt-nyjuw/floor-plan-nnoub),CC BY 4.0,2026-09-06
FP_0268,FP_0268.jpg,CAD,1920,1080,landscape,LOW,MEDIUM,,YES,YES,Public_Dataset (Roboflow: kt-nyjuw/floor-plan-nnoub),CC BY 4.0,2026-09-06
FP_0269,FP_0269.jpg,CAD,1920,1080,landscape,HIGH,EASY,,NO,YES,Public_Dataset (Roboflow: kt-nyjuw/floor-plan-nnoub),CC BY 4.0,2026-09-06
FP_0270,FP_0270.jpg,CAD,1920,1080,landscape,MEDIUM,MEDIUM,,YES,YES,Public_Dataset (Roboflow: kt-nyjuw/floor-plan-nnoub),CC BY 4.0,2026-09-06
FP_0271,FP_0271.jpg,CAD,1920,1080,landscape,MEDIUM,EASY,,NO,YES,Public_Dataset (Roboflow: kt-nyjuw/floor-plan-nnoub),CC BY 4.0,2026-09-06
FP_0272,FP_0272.jpg,CAD,1920,1080,landscape,HIGH,MEDIUM,,NO,YES,Public_Dataset (Roboflow: kt-nyjuw/floor-plan-nnoub),CC BY 4.0,2026-09-06
FP_0273,FP_0273.jpg,CAD,1920,1080,landscape,MEDIUM,EASY,,NO,YES,Public_Dataset (Roboflow: kt-nyjuw/floor-plan-nnoub),CC BY 4.0,2026-09-06
FP_0274,FP_0274.jpg,CAD,1920,1080,landscape,HIGH,MEDIUM,,NO,YES,Public_Dataset (Roboflow: kt-nyjuw/floor-plan-nnoub),CC BY 4.0,2026-09-06
FP_0275,FP_0275.jpg,CAD,1920,1080,landscape,MEDIUM,MEDIUM,,YES,YES,Public_Dataset (Roboflow: kt-nyjuw/floor-plan-nnoub),CC BY 4.0,2026-09-06
FP_0276,FP_0276.jpg,CAD,1920,1080,landscape,LOW,MEDIUM,,YES,YES,Public_Dataset (Roboflow: kt-nyjuw/floor-plan-nnoub),CC BY 4.0,2026-09-06
FP_0277,FP_0277.jpg,CAD,1920,1080,landscape,LOW,MEDIUM,,NO,YES,Public_Dataset (Roboflow: kt-nyjuw/floor-plan-nnoub),CC BY 4.0,2026-09-06
FP_0278,FP_0278.jpg,CAD,1920,1080,landscape,LOW,MEDIUM,,YES,YES,Public_Dataset (Roboflow: kt-nyjuw/floor-plan-nnoub),CC BY 4.0,2026-09-06
FP_0279,FP_0279.jpg,CAD,1920,1080,landscape,MEDIUM,EASY,,NO,YES,Public_Dataset (Roboflow: kt-nyjuw/floor-plan-nnoub),CC BY 4.0,2026-09-06
FP_0280,FP_0280.jpg,CAD,1920,1080,landscape,LOW,MEDIUM,,NO,YES,Public_Dataset (Roboflow: kt-nyjuw/floor-plan-nnoub),CC BY 4.0,2026-09-06
FP_0281,FP_0281.jpg,CAD,1920,1080,landscape,HIGH,MEDIUM,,NO,YES,Public_Dataset (Roboflow: kt-nyjuw/floor-plan-nnoub),CC BY 4.0,2026-09-06
FP_0282,FP_0282.jpg,CAD,1920,1080,landscape,HIGH,EASY,,YES,YES,Public_Dataset (Roboflow: kt-nyjuw/floor-plan-nnoub),CC BY 4.0,2026-09-06
FP_0283,FP_0283.jpg,CAD,1920,1080,landscape,MEDIUM,MEDIUM,,YES,YES,Public_Dataset (Roboflow: kt-nyjuw/floor-plan-nnoub),CC BY 4.0,2026-09-06
FP_0284,FP_0284.jpg,CAD,1920,1080,landscape,HIGH,EASY,,NO,YES,Public_Dataset (Roboflow: kt-nyjuw/floor-plan-nnoub),CC BY 4.0,2026-09-06
FP_0285,FP_0285.jpg,CAD,1920,1080,landscape,MEDIUM,MEDIUM,,NO,YES,Public_Dataset (Roboflow: kt-nyjuw/floor-plan-nnoub),CC BY 4.0,2026-09-06
FP_0286,FP_0286.jpg,CAD,1920,1080,landscape,MEDIUM,MEDIUM,,NO,YES,Public_Dataset (Roboflow: kt-nyjuw/floor-plan-nnoub),CC BY 4.0,2026-09-06
FP_0287,FP_0287.jpg,CAD,1920,1080,landscape,HIGH,MEDIUM,,YES,YES,Public_Dataset (Roboflow: kt-nyjuw/floor-plan-nnoub),CC BY 4.0,2026-09-06
FP_0288,FP_0288.jpg,CAD,1920,1080,landscape,HIGH,MEDIUM,,YES,YES,Public_Dataset (Roboflow: kt-nyjuw/floor-plan-nnoub),CC BY 4.0,2026-09-06
FP_0289,FP_0289.jpg,CAD,1920,1080,landscape,MEDIUM,EASY,,NO,YES,Public_Dataset (Roboflow: kt-nyjuw/floor-plan-nnoub),CC BY 4.0,2026-09-06
FP_0290,FP_0290.jpg,CAD,1920,1080,landscape,HIGH,EASY,,YES,YES,Public_Dataset (Roboflow: kt-nyjuw/floor-plan-nnoub),CC BY 4.0,2026-09-06
FP_0291,FP_0291.jpg,CAD,1920,1080,landscape,LOW,MEDIUM,,YES,YES,Public_Dataset (Roboflow: kt-nyjuw/floor-plan-nnoub),CC BY 4.0,2026-09-06
FP_0292,FP_0292.jpg,CAD,1920,1080,landscape,MEDIUM,MEDIUM,,NO,YES,Public_Dataset (Roboflow: kt-nyjuw/floor-plan-nnoub),CC BY 4.0,2026-09-06
FP_0293,FP_0293.jpg,CAD,1920,1080,landscape,MEDIUM,EASY,,YES,YES,Public_Dataset (Roboflow: kt-nyjuw/floor-plan-nnoub),CC BY 4.0,2026-09-06
FP_0294,FP_0294.jpg,CAD,1920,1080,landscape,HIGH,MEDIUM,,NO,YES,Public_Dataset (Roboflow: kt-nyjuw/floor-plan-nnoub),CC BY 4.0,2026-09-06
FP_0295,FP_0295.jpg,CAD,1920,1080,landscape,HIGH,MEDIUM,,NO,YES,Public_Dataset (Roboflow: kt-nyjuw/floor-plan-nnoub),CC BY 4.0,2026-09-06
FP_0296,FP_0296.jpg,CAD,1920,1080,landscape,LOW,MEDIUM,,YES,YES,Public_Dataset (Roboflow: kt-nyjuw/floor-plan-nnoub),CC BY 4.0,2026-09-06
FP_0297,FP_0297.jpg,CAD,1920,1080,landscape,MEDIUM,MEDIUM,,NO,YES,Public_Dataset (Roboflow: kt-nyjuw/floor-plan-nnoub),CC BY 4.0,2026-09-06
FP_0298,FP_0298.jpg,CAD,1920,1080,landscape,HIGH,MEDIUM,,YES,YES,Public_Dataset (Roboflow: kt-nyjuw/floor-plan-nnoub),CC BY 4.0,2026-09-06
FP_0299,FP_0299.jpg,CAD,1920,1080,landscape,HIGH,MEDIUM,,NO,YES,Public_Dataset (Roboflow: kt-nyjuw/floor-plan-nnoub),CC BY 4.0,2026-09-06
FP_0300,FP_0300.jpg,CAD,1920,1080,landscape,MEDIUM,MEDIUM,,NO,YES,Public_Dataset (Roboflow: kt-nyjuw/floor-plan-nnoub),CC BY 4.0,2026-09-06
FP_0301,FP_0301.jpg,CAD,1920,1080,landscape,MEDIUM,MEDIUM,,NO,YES,Public_Dataset (Roboflow: kt-nyjuw/floor-plan-nnoub),CC BY 4.0,2026-09-06
FP_0302,FP_0302.jpg,CAD,1920,1080,landscape,HIGH,EASY,,NO,YES,Public_Dataset (Roboflow: kt-nyjuw/floor-plan-nnoub),CC BY 4.0,2026-09-06
FP_0303,FP_0303.jpg,CAD,1920,1080,landscape,MEDIUM,MEDIUM,,NO,YES,Public_Dataset (Roboflow: kt-nyjuw/floor-plan-nnoub),CC BY 4.0,2026-09-06
FP_0304,FP_0304.jpg,CAD,1920,1080,landscape,MEDIUM,MEDIUM,,YES,YES,Public_Dataset (Roboflow: kt-nyjuw/floor-plan-nnoub),CC BY 4.0,2026-09-06
FP_0305,FP_0305.jpg,CAD,1920,1080,landscape,MEDIUM,MEDIUM,,NO,YES,Public_Dataset (Roboflow: kt-nyjuw/floor-plan-nnoub),CC BY 4.0,2026-09-06
FP_0306,FP_0306.jpg,CAD,1920,1080,landscape,HIGH,MEDIUM,,YES,YES,Public_Dataset (Roboflow: kt-nyjuw/floor-plan-nnoub),CC BY 4.0,2026-09-06
FP_0307,FP_0307.jpg,CAD,1920,1080,landscape,MEDIUM,EASY,,YES,YES,Public_Dataset (Roboflow: kt-nyjuw/floor-plan-nnoub),CC BY 4.0,2026-09-06
FP_0308,FP_0308.jpg,CAD,1920,1080,landscape,MEDIUM,MEDIUM,,NO,YES,Public_Dataset (Roboflow: kt-nyjuw/floor-plan-nnoub),CC BY 4.0,2026-09-06
FP_0309,FP_0309.jpg,CAD,1920,1080,landscape,HIGH,EASY,,NO,YES,Public_Dataset (Roboflow: kt-nyjuw/floor-plan-nnoub),CC BY 4.0,2026-09-06
FP_0310,FP_0310.jpg,CAD,1920,1080,landscape,MEDIUM,EASY,,YES,YES,Public_Dataset (Roboflow: kt-nyjuw/floor-plan-nnoub),CC BY 4.0,2026-09-06
FP_0311,FP_0311.jpg,CAD,1920,1080,landscape,HIGH,MEDIUM,,NO,YES,Public_Dataset (Roboflow: kt-nyjuw/floor-plan-nnoub),CC BY 4.0,2026-09-06
FP_0312,FP_0312.jpg,CAD,1920,1080,landscape,HIGH,EASY,,NO,YES,Public_Dataset (Roboflow: kt-nyjuw/floor-plan-nnoub),CC BY 4.0,2026-09-06
FP_0313,FP_0313.jpg,CAD,1920,1080,landscape,MEDIUM,MEDIUM,,NO,YES,Public_Dataset (Roboflow: kt-nyjuw/floor-plan-nnoub),CC BY 4.0,2026-09-06
FP_0314,FP_0314.jpg,CAD,1920,1080,landscape,HIGH,EASY,,NO,YES,Public_Dataset (Roboflow: kt-nyjuw/floor-plan-nnoub),CC BY 4.0,2026-09-06
FP_0315,FP_0315.jpg,CAD,1920,1080,landscape,HIGH,EASY,,NO,YES,Public_Dataset (Roboflow: kt-nyjuw/floor-plan-nnoub),CC BY 4.0,2026-09-06
FP_0316,FP_0316.jpg,CAD,1920,1080,landscape,HIGH,EASY,,YES,YES,Public_Dataset (Roboflow: kt-nyjuw/floor-plan-nnoub),CC BY 4.0,2026-09-06
FP_0317,FP_0317.jpg,CAD,1920,1080,landscape,HIGH,EASY,,YES,YES,Public_Dataset (Roboflow: kt-nyjuw/floor-plan-nnoub),CC BY 4.0,2026-09-06
FP_0318,FP_0318.jpg,CAD,1920,1080,landscape,MEDIUM,MEDIUM,,NO,YES,Public_Dataset (Roboflow: kt-nyjuw/floor-plan-nnoub),CC BY 4.0,2026-09-06
FP_0319,FP_0319.jpg,CAD,1920,1080,landscape,MEDIUM,EASY,,YES,YES,Public_Dataset (Roboflow: kt-nyjuw/floor-plan-nnoub),CC BY 4.0,2026-09-06
FP_0320,FP_0320.jpg,CAD,1920,1080,landscape,LOW,MEDIUM,,YES,YES,Public_Dataset (Roboflow: kt-nyjuw/floor-plan-nnoub),CC BY 4.0,2026-09-06
FP_0321,FP_0321.jpg,CAD,1920,1080,landscape,HIGH,MEDIUM,,YES,YES,Public_Dataset (Roboflow: kt-nyjuw/floor-plan-nnoub),CC BY 4.0,2026-09-06
FP_0322,FP_0322.jpg,CAD,1920,1080,landscape,MEDIUM,EASY,,NO,YES,Public_Dataset (Roboflow: kt-nyjuw/floor-plan-nnoub),CC BY 4.0,2026-09-06
FP_0323,FP_0323.jpg,CAD,1920,1080,landscape,LOW,MEDIUM,,YES,YES,Public_Dataset (Roboflow: kt-nyjuw/floor-plan-nnoub),CC BY 4.0,2026-09-06
FP_0324,FP_0324.jpg,CAD,1920,1080,landscape,LOW,MEDIUM,,NO,YES,Public_Dataset (Roboflow: kt-nyjuw/floor-plan-nnoub),CC BY 4.0,2026-09-06
FP_0325,FP_0325.jpg,CAD,1920,1080,landscape,MEDIUM,MEDIUM,,NO,YES,Public_Dataset (Roboflow: kt-nyjuw/floor-plan-nnoub),CC BY 4.0,2026-09-06
FP_0326,FP_0326.jpg,CAD,1920,1080,landscape,HIGH,MEDIUM,,YES,YES,Public_Dataset (Roboflow: kt-nyjuw/floor-plan-nnoub),CC BY 4.0,2026-09-06
FP_0327,FP_0327.jpg,CAD,1920,1080,landscape,HIGH,MEDIUM,,NO,YES,Public_Dataset (Roboflow: kt-nyjuw/floor-plan-nnoub),CC BY 4.0,2026-09-06
FP_0328,FP_0328.jpg,CAD,1920,1080,landscape,LOW,MEDIUM,,YES,YES,Public_Dataset (Roboflow: kt-nyjuw/floor-plan-nnoub),CC BY 4.0,2026-09-06
FP_0329,FP_0329.jpg,CAD,1920,1080,landscape,MEDIUM,EASY,,NO,YES,Public_Dataset (Roboflow: kt-nyjuw/floor-plan-nnoub),CC BY 4.0,2026-09-06
FP_0330,FP_0330.jpg,CAD,1920,1080,landscape,LOW,MEDIUM,,NO,YES,Public_Dataset (Roboflow: kt-nyjuw/floor-plan-nnoub),CC BY 4.0,2026-09-06
FP_0331,FP_0331.jpg,CAD,1920,1080,landscape,LOW,MEDIUM,,NO,YES,Public_Dataset (Roboflow: kt-nyjuw/floor-plan-nnoub),CC BY 4.0,2026-09-06
FP_0332,FP_0332.jpg,CAD,1920,1080,landscape,HIGH,MEDIUM,,NO,YES,Public_Dataset (Roboflow: kt-nyjuw/floor-plan-nnoub),CC BY 4.0,2026-09-06
FP_0333,FP_0333.jpg,CAD,1920,1080,landscape,HIGH,EASY,,YES,YES,Public_Dataset (Roboflow: kt-nyjuw/floor-plan-nnoub),CC BY 4.0,2026-09-06
FP_0334,FP_0334.jpg,CAD,1920,1080,landscape,MEDIUM,MEDIUM,,NO,YES,Public_Dataset (Roboflow: kt-nyjuw/floor-plan-nnoub),CC BY 4.0,2026-09-06
FP_0335,FP_0335.jpg,CAD,1920,1080,landscape,LOW,MEDIUM,,YES,YES,Public_Dataset (Roboflow: kt-nyjuw/floor-plan-nnoub),CC BY 4.0,2026-09-06
FP_0336,FP_0336.jpg,CAD,1920,1080,landscape,LOW,MEDIUM,,YES,YES,Public_Dataset (Roboflow: kt-nyjuw/floor-plan-nnoub),CC BY 4.0,2026-09-06
FP_0337,FP_0337.jpg,CAD,1920,1080,landscape,LOW,MEDIUM,,NO,YES,Public_Dataset (Roboflow: kt-nyjuw/floor-plan-nnoub),CC BY 4.0,2026-09-06
FP_0338,FP_0338.jpg,CAD,1920,1080,landscape,MEDIUM,EASY,,YES,YES,Public_Dataset (Roboflow: kt-nyjuw/floor-plan-nnoub),CC BY 4.0,2026-09-06
FP_0339,FP_0339.jpg,CAD,1920,1080,landscape,HIGH,MEDIUM,,NO,YES,Public_Dataset (Roboflow: kt-nyjuw/floor-plan-nnoub),CC BY 4.0,2026-09-06
FP_0340,FP_0340.jpg,CAD,1920,1080,landscape,HIGH,MEDIUM,,NO,YES,Public_Dataset (Roboflow: kt-nyjuw/floor-plan-nnoub),CC BY 4.0,2026-09-06
FP_0341,FP_0341.jpg,CAD,1920,1080,landscape,MEDIUM,MEDIUM,,NO,YES,Public_Dataset (Roboflow: kt-nyjuw/floor-plan-nnoub),CC BY 4.0,2026-09-06
FP_0342,FP_0342.jpg,CAD,1920,1080,landscape,MEDIUM,MEDIUM,,NO,YES,Public_Dataset (Roboflow: kt-nyjuw/floor-plan-nnoub),CC BY 4.0,2026-09-06
FP_0343,FP_0343.jpg,CAD,1920,1080,landscape,LOW,MEDIUM,,YES,YES,Public_Dataset (Roboflow: kt-nyjuw/floor-plan-nnoub),CC BY 4.0,2026-09-06
FP_0344,FP_0344.jpg,CAD,1920,1080,landscape,LOW,MEDIUM,,NO,YES,Public_Dataset (Roboflow: kt-nyjuw/floor-plan-nnoub),CC BY 4.0,2026-09-06
FP_0345,FP_0345.jpg,CAD,1920,1080,landscape,MEDIUM,EASY,,YES,YES,Public_Dataset (Roboflow: kt-nyjuw/floor-plan-nnoub),CC BY 4.0,2026-09-06
FP_0346,FP_0346.jpg,CAD,1920,1080,landscape,MEDIUM,MEDIUM,,YES,YES,Public_Dataset (Roboflow: kt-nyjuw/floor-plan-nnoub),CC BY 4.0,2026-09-06
FP_0347,FP_0347.jpg,CAD,1920,1080,landscape,LOW,MEDIUM,,NO,YES,Public_Dataset (Roboflow: kt-nyjuw/floor-plan-nnoub),CC BY 4.0,2026-09-06
FP_0348,FP_0348.jpg,CAD,1920,1080,landscape,HIGH,EASY,,NO,YES,Public_Dataset (Roboflow: kt-nyjuw/floor-plan-nnoub),CC BY 4.0,2026-09-06
FP_0349,FP_0349.jpg,CAD,1920,1080,landscape,LOW,MEDIUM,,YES,YES,Public_Dataset (Roboflow: kt-nyjuw/floor-plan-nnoub),CC BY 4.0,2026-09-06
FP_0350,FP_0350.jpg,CAD,1920,1080,landscape,LOW,MEDIUM,,NO,YES,Public_Dataset (Roboflow: kt-nyjuw/floor-plan-nnoub),CC BY 4.0,2026-09-06
FP_0351,FP_0351.jpg,CAD,1920,1080,landscape,MEDIUM,MEDIUM,,YES,YES,Public_Dataset (Roboflow: kt-nyjuw/floor-plan-nnoub),CC BY 4.0,2026-09-06
FP_0352,FP_0352.jpg,CAD,1920,1080,landscape,LOW,MEDIUM,,YES,YES,Public_Dataset (Roboflow: kt-nyjuw/floor-plan-nnoub),CC BY 4.0,2026-09-06
FP_0353,FP_0353.jpg,CAD,1920,1080,landscape,LOW,MEDIUM,,NO,YES,Public_Dataset (Roboflow: kt-nyjuw/floor-plan-nnoub),CC BY 4.0,2026-09-06
FP_0354,FP_0354.jpg,CAD,1920,1080,landscape,HIGH,MEDIUM,,YES,YES,Public_Dataset (Roboflow: kt-nyjuw/floor-plan-nnoub),CC BY 4.0,2026-09-06
FP_0355,FP_0355.jpg,CAD,1920,1080,landscape,HIGH,MEDIUM,,YES,YES,Public_Dataset (Roboflow: kt-nyjuw/floor-plan-nnoub),CC BY 4.0,2026-09-06
FP_0356,FP_0356.jpg,CAD,1920,1080,landscape,HIGH,EASY,,NO,YES,Public_Dataset (Roboflow: kt-nyjuw/floor-plan-nnoub),CC BY 4.0,2026-09-06
FP_0357,FP_0357.jpg,CAD,1920,1080,landscape,HIGH,EASY,,NO,YES,Public_Dataset (Roboflow: kt-nyjuw/floor-plan-nnoub),CC BY 4.0,2026-09-06
FP_0358,FP_0358.jpg,CAD,1920,1080,landscape,HIGH,MEDIUM,,NO,YES,Public_Dataset (Roboflow: kt-nyjuw/floor-plan-nnoub),CC BY 4.0,2026-09-06
FP_0359,FP_0359.jpg,CAD,1920,1080,landscape,LOW,MEDIUM,,YES,YES,Public_Dataset (Roboflow: kt-nyjuw/floor-plan-nnoub),CC BY 4.0,2026-09-06
FP_0360,FP_0360.jpg,CAD,1920,1080,landscape,MEDIUM,MEDIUM,,NO,YES,Public_Dataset (Roboflow: kt-nyjuw/floor-plan-nnoub),CC BY 4.0,2026-09-06
FP_0361,FP_0361.jpg,CAD,1920,1080,landscape,MEDIUM,EASY,,NO,YES,Public_Dataset (Roboflow: kt-nyjuw/floor-plan-nnoub),CC BY 4.0,2026-09-06
FP_0362,FP_0362.jpg,CAD,1920,1080,landscape,HIGH,EASY,,NO,YES,Public_Dataset (Roboflow: kt-nyjuw/floor-plan-nnoub),CC BY 4.0,2026-09-06
FP_0363,FP_0363.jpg,CAD,1920,1080,landscape,HIGH,MEDIUM,,YES,YES,Public_Dataset (Roboflow: kt-nyjuw/floor-plan-nnoub),CC BY 4.0,2026-09-06
FP_0364,FP_0364.jpg,CAD,1920,1080,landscape,MEDIUM,EASY,,YES,YES,Public_Dataset (Roboflow: kt-nyjuw/floor-plan-nnoub),CC BY 4.0,2026-09-06
FP_0365,FP_0365.jpg,CAD,1920,1080,landscape,MEDIUM,MEDIUM,,NO,YES,Public_Dataset (Roboflow: kt-nyjuw/floor-plan-nnoub),CC BY 4.0,2026-09-06
FP_0366,FP_0366.jpg,CAD,1920,1080,landscape,HIGH,MEDIUM,,NO,YES,Public_Dataset (Roboflow: kt-nyjuw/floor-plan-nnoub),CC BY 4.0,2026-09-06
FP_0367,FP_0367.jpg,CAD,1920,1080,landscape,MEDIUM,EASY,,NO,YES,Public_Dataset (Roboflow: kt-nyjuw/floor-plan-nnoub),CC BY 4.0,2026-09-06
FP_0368,FP_0368.jpg,CAD,1920,1080,landscape,LOW,MEDIUM,,YES,YES,Public_Dataset (Roboflow: kt-nyjuw/floor-plan-nnoub),CC BY 4.0,2026-09-06
FP_0369,FP_0369.jpg,CAD,1920,1080,landscape,MEDIUM,MEDIUM,,YES,YES,Public_Dataset (Roboflow: kt-nyjuw/floor-plan-nnoub),CC BY 4.0,2026-09-06
FP_0370,FP_0370.jpg,CAD,1920,1080,landscape,HIGH,MEDIUM,,YES,YES,Public_Dataset (Roboflow: kt-nyjuw/floor-plan-nnoub),CC BY 4.0,2026-09-06
FP_0371,FP_0371.jpg,CAD,1920,1080,landscape,HIGH,EASY,,YES,YES,Public_Dataset (Roboflow: kt-nyjuw/floor-plan-nnoub),CC BY 4.0,2026-09-06
FP_0372,FP_0372.jpg,CAD,1920,1080,landscape,LOW,MEDIUM,,NO,YES,Public_Dataset (Roboflow: kt-nyjuw/floor-plan-nnoub),CC BY 4.0,2026-09-06
FP_0373,FP_0373.jpg,CAD,1920,1080,landscape,LOW,HARD,,NO,YES,Public_Dataset (Roboflow: kt-nyjuw/floor-plan-nnoub),CC BY 4.0,2026-09-06
FP_0374,FP_0374.jpg,CAD,1920,1080,landscape,MEDIUM,EASY,,YES,YES,Public_Dataset (Roboflow: kt-nyjuw/floor-plan-nnoub),CC BY 4.0,2026-09-06
FP_0375,FP_0375.jpg,CAD,1920,1080,landscape,LOW,MEDIUM,,YES,YES,Public_Dataset (Roboflow: kt-nyjuw/floor-plan-nnoub),CC BY 4.0,2026-09-06
FP_0376,FP_0376.jpg,CAD,1920,1080,landscape,HIGH,EASY,,NO,YES,Public_Dataset (Roboflow: kt-nyjuw/floor-plan-nnoub),CC BY 4.0,2026-09-06
FP_0377,FP_0377.jpg,CAD,1920,1080,landscape,MEDIUM,EASY,,YES,YES,Public_Dataset (Roboflow: kt-nyjuw/floor-plan-nnoub),CC BY 4.0,2026-09-06
FP_0378,FP_0378.jpg,CAD,1920,1080,landscape,LOW,MEDIUM,,YES,YES,Public_Dataset (Roboflow: kt-nyjuw/floor-plan-nnoub),CC BY 4.0,2026-09-06
FP_0379,FP_0379.jpg,CAD,1920,1080,landscape,MEDIUM,MEDIUM,,YES,YES,Public_Dataset (Roboflow: kt-nyjuw/floor-plan-nnoub),CC BY 4.0,2026-09-06
FP_0380,FP_0380.jpg,CAD,1920,1080,landscape,LOW,MEDIUM,,YES,YES,Public_Dataset (Roboflow: kt-nyjuw/floor-plan-nnoub),CC BY 4.0,2026-09-06
FP_0381,FP_0381.jpg,CAD,1920,1080,landscape,HIGH,MEDIUM,,YES,YES,Public_Dataset (Roboflow: kt-nyjuw/floor-plan-nnoub),CC BY 4.0,2026-09-06
FP_0382,FP_0382.jpg,CAD,1920,1080,landscape,LOW,MEDIUM,,YES,YES,Public_Dataset (Roboflow: kt-nyjuw/floor-plan-nnoub),CC BY 4.0,2026-09-06
FP_0383,FP_0383.jpg,CAD,1920,1080,landscape,HIGH,EASY,,YES,YES,Public_Dataset (Roboflow: kt-nyjuw/floor-plan-nnoub),CC BY 4.0,2026-09-06
FP_0384,FP_0384.jpg,CAD,1920,1080,landscape,MEDIUM,MEDIUM,,NO,YES,Public_Dataset (Roboflow: kt-nyjuw/floor-plan-nnoub),CC BY 4.0,2026-09-06
FP_0385,FP_0385.jpg,CAD,1920,1080,landscape,HIGH,MEDIUM,,YES,YES,Public_Dataset (Roboflow: kt-nyjuw/floor-plan-nnoub),CC BY 4.0,2026-09-06
FP_0386,FP_0386.jpg,CAD,1920,1080,landscape,MEDIUM,MEDIUM,,YES,YES,Public_Dataset (Roboflow: kt-nyjuw/floor-plan-nnoub),CC BY 4.0,2026-09-06
FP_0387,FP_0387.jpg,CAD,1920,1080,landscape,HIGH,EASY,,YES,YES,Public_Dataset (Roboflow: kt-nyjuw/floor-plan-nnoub),CC BY 4.0,2026-09-06
FP_0388,FP_0388.jpg,CAD,1920,1080,landscape,MEDIUM,MEDIUM,,NO,YES,Public_Dataset (Roboflow: kt-nyjuw/floor-plan-nnoub),CC BY 4.0,2026-09-06
FP_0389,FP_0389.jpg,CAD,1920,1080,landscape,MEDIUM,MEDIUM,,NO,YES,Public_Dataset (Roboflow: kt-nyjuw/floor-plan-nnoub),CC BY 4.0,2026-09-06
FP_0390,FP_0390.jpg,CAD,1920,1080,landscape,MEDIUM,MEDIUM,,NO,YES,Public_Dataset (Roboflow: kt-nyjuw/floor-plan-nnoub),CC BY 4.0,2026-09-06
FP_0391,FP_0391.jpg,CAD,1920,1080,landscape,MEDIUM,EASY,,NO,YES,Public_Dataset (Roboflow: kt-nyjuw/floor-plan-nnoub),CC BY 4.0,2026-09-06
FP_0392,FP_0392.jpg,CAD,1920,1080,landscape,MEDIUM,EASY,,YES,YES,Public_Dataset (Roboflow: kt-nyjuw/floor-plan-nnoub),CC BY 4.0,2026-09-06
FP_0393,FP_0393.jpg,CAD,1920,1080,landscape,MEDIUM,EASY,,NO,YES,Public_Dataset (Roboflow: kt-nyjuw/floor-plan-nnoub),CC BY 4.0,2026-09-06
FP_0394,FP_0394.jpg,CAD,1920,1080,landscape,LOW,MEDIUM,,YES,YES,Public_Dataset (Roboflow: kt-nyjuw/floor-plan-nnoub),CC BY 4.0,2026-09-06
FP_0395,FP_0395.jpg,CAD,1920,1080,landscape,MEDIUM,MEDIUM,,NO,YES,Public_Dataset (Roboflow: kt-nyjuw/floor-plan-nnoub),CC BY 4.0,2026-09-06
FP_0396,FP_0396.jpg,CAD,1920,1080,landscape,LOW,MEDIUM,,YES,YES,Public_Dataset (Roboflow: kt-nyjuw/floor-plan-nnoub),CC BY 4.0,2026-09-06
FP_0397,FP_0397.jpg,CAD,1920,1080,landscape,HIGH,EASY,,NO,YES,Public_Dataset (Roboflow: kt-nyjuw/floor-plan-nnoub),CC BY 4.0,2026-09-06
FP_0398,FP_0398.jpg,CAD,1920,1080,landscape,HIGH,EASY,,NO,YES,Public_Dataset (Roboflow: kt-nyjuw/floor-plan-nnoub),CC BY 4.0,2026-09-06
FP_0399,FP_0399.jpg,CAD,1920,1080,landscape,MEDIUM,MEDIUM,,NO,YES,Public_Dataset (Roboflow: kt-nyjuw/floor-plan-nnoub),CC BY 4.0,2026-09-06
FP_0400,FP_0400.jpg,CAD,1920,1080,landscape,HIGH,EASY,,NO,YES,Public_Dataset (Roboflow: kt-nyjuw/floor-plan-nnoub),CC BY 4.0,2026-09-06
FP_0401,FP_0401.jpg,CAD,1920,1080,landscape,MEDIUM,MEDIUM,,NO,YES,Public_Dataset (Roboflow: kt-nyjuw/floor-plan-nnoub),CC BY 4.0,2026-09-06
FP_0402,FP_0402.jpg,CAD,1920,1080,landscape,HIGH,MEDIUM,,NO,YES,Public_Dataset (Roboflow: kt-nyjuw/floor-plan-nnoub),CC BY 4.0,2026-09-06
FP_0403,FP_0403.jpg,CAD,1920,1080,landscape,LOW,MEDIUM,,NO,YES,Public_Dataset (Roboflow: kt-nyjuw/floor-plan-nnoub),CC BY 4.0,2026-09-06
FP_0404,FP_0404.jpg,CAD,1920,1080,landscape,LOW,HARD,,NO,YES,Public_Dataset (Roboflow: kt-nyjuw/floor-plan-nnoub),CC BY 4.0,2026-09-06
FP_0405,FP_0405.jpg,CAD,1920,1080,landscape,HIGH,EASY,,NO,YES,Public_Dataset (Roboflow: kt-nyjuw/floor-plan-nnoub),CC BY 4.0,2026-09-06
FP_0406,FP_0406.jpg,CAD,1920,1080,landscape,HIGH,MEDIUM,,YES,YES,Public_Dataset (Roboflow: kt-nyjuw/floor-plan-nnoub),CC BY 4.0,2026-09-06
FP_0407,FP_0407.jpg,CAD,1920,1080,landscape,LOW,MEDIUM,,YES,YES,Public_Dataset (Roboflow: kt-nyjuw/floor-plan-nnoub),CC BY 4.0,2026-09-06
FP_0408,FP_0408.jpg,CAD,1920,1080,landscape,MEDIUM,MEDIUM,,NO,YES,Public_Dataset (Roboflow: kt-nyjuw/floor-plan-nnoub),CC BY 4.0,2026-09-06
FP_0409,FP_0409.jpg,CAD,1920,1080,landscape,MEDIUM,MEDIUM,,NO,YES,Public_Dataset (Roboflow: kt-nyjuw/floor-plan-nnoub),CC BY 4.0,2026-09-06
FP_0410,FP_0410.jpg,CAD,1920,1080,landscape,HIGH,MEDIUM,,YES,YES,Public_Dataset (Roboflow: kt-nyjuw/floor-plan-nnoub),CC BY 4.0,2026-09-06
FP_0411,FP_0411.jpg,CAD,1920,1080,landscape,MEDIUM,MEDIUM,,YES,YES,Public_Dataset (Roboflow: kt-nyjuw/floor-plan-nnoub),CC BY 4.0,2026-09-06
FP_0412,FP_0412.jpg,CAD,1920,1080,landscape,MEDIUM,MEDIUM,,NO,YES,Public_Dataset (Roboflow: kt-nyjuw/floor-plan-nnoub),CC BY 4.0,2026-09-06
FP_0413,FP_0413.jpg,CAD,1920,1080,landscape,HIGH,MEDIUM,,YES,YES,Public_Dataset (Roboflow: kt-nyjuw/floor-plan-nnoub),CC BY 4.0,2026-09-06
FP_0414,FP_0414.jpg,CAD,1920,1080,landscape,HIGH,MEDIUM,,YES,YES,Public_Dataset (Roboflow: kt-nyjuw/floor-plan-nnoub),CC BY 4.0,2026-09-06
FP_0415,FP_0415.jpg,CAD,1920,1080,landscape,HIGH,EASY,,NO,YES,Public_Dataset (Roboflow: kt-nyjuw/floor-plan-nnoub),CC BY 4.0,2026-09-06
FP_0416,FP_0416.jpg,CAD,1920,1080,landscape,MEDIUM,MEDIUM,,NO,YES,Public_Dataset (Roboflow: kt-nyjuw/floor-plan-nnoub),CC BY 4.0,2026-09-06
FP_0417,FP_0417.jpg,CAD,1920,1080,landscape,HIGH,MEDIUM,,YES,YES,Public_Dataset (Roboflow: kt-nyjuw/floor-plan-nnoub),CC BY 4.0,2026-09-06
FP_0418,FP_0418.jpg,CAD,1920,1080,landscape,HIGH,MEDIUM,,YES,YES,Public_Dataset (Roboflow: kt-nyjuw/floor-plan-nnoub),CC BY 4.0,2026-09-06
FP_0419,FP_0419.jpg,CAD,1920,1080,landscape,MEDIUM,EASY,,NO,YES,Public_Dataset (Roboflow: kt-nyjuw/floor-plan-nnoub),CC BY 4.0,2026-09-06
FP_0420,FP_0420.jpg,CAD,1920,1080,landscape,HIGH,HARD,,YES,YES,Public_Dataset (Roboflow: kt-nyjuw/floor-plan-nnoub),CC BY 4.0,2026-09-06
FP_0421,FP_0421.jpg,CAD,1920,1080,landscape,LOW,MEDIUM,,YES,YES,Public_Dataset (Roboflow: kt-nyjuw/floor-plan-nnoub),CC BY 4.0,2026-09-06
FP_0422,FP_0422.jpg,CAD,1920,1080,landscape,LOW,MEDIUM,,YES,YES,Public_Dataset (Roboflow: kt-nyjuw/floor-plan-nnoub),CC BY 4.0,2026-09-06
FP_0423,FP_0423.jpg,CAD,1920,1080,landscape,HIGH,MEDIUM,,NO,YES,Public_Dataset (Roboflow: kt-nyjuw/floor-plan-nnoub),CC BY 4.0,2026-09-06
FP_0424,FP_0424.jpg,CAD,1920,1080,landscape,LOW,MEDIUM,,YES,YES,Public_Dataset (Roboflow: kt-nyjuw/floor-plan-nnoub),CC BY 4.0,2026-09-06
FP_0425,FP_0425.jpg,CAD,1920,1080,landscape,LOW,MEDIUM,,YES,YES,Public_Dataset (Roboflow: kt-nyjuw/floor-plan-nnoub),CC BY 4.0,2026-09-06
FP_0426,FP_0426.jpg,CAD,1920,1080,landscape,HIGH,MEDIUM,,NO,YES,Public_Dataset (Roboflow: kt-nyjuw/floor-plan-nnoub),CC BY 4.0,2026-09-06
FP_0427,FP_0427.jpg,CAD,1920,1080,landscape,HIGH,EASY,,YES,YES,Public_Dataset (Roboflow: kt-nyjuw/floor-plan-nnoub),CC BY 4.0,2026-09-06
FP_0428,FP_0428.jpg,CAD,1920,1080,landscape,HIGH,MEDIUM,,NO,YES,Public_Dataset (Roboflow: kt-nyjuw/floor-plan-nnoub),CC BY 4.0,2026-09-06
FP_0429,FP_0429.jpg,CAD,1920,1080,landscape,MEDIUM,EASY,,NO,YES,Public_Dataset (Roboflow: kt-nyjuw/floor-plan-nnoub),CC BY 4.0,2026-09-06
FP_0430,FP_0430.jpg,CAD,1920,1080,landscape,MEDIUM,EASY,,NO,YES,Public_Dataset (Roboflow: kt-nyjuw/floor-plan-nnoub),CC BY 4.0,2026-09-06
FP_0431,FP_0431.jpg,CAD,1920,1080,landscape,MEDIUM,MEDIUM,,NO,YES,Public_Dataset (Roboflow: kt-nyjuw/floor-plan-nnoub),CC BY 4.0,2026-09-06
FP_0432,FP_0432.jpg,CAD,1920,1080,landscape,MEDIUM,EASY,,YES,YES,Public_Dataset (Roboflow: kt-nyjuw/floor-plan-nnoub),CC BY 4.0,2026-09-06
FP_0433,FP_0433.jpg,CAD,1920,1080,landscape,LOW,MEDIUM,,NO,YES,Public_Dataset (Roboflow: kt-nyjuw/floor-plan-nnoub),CC BY 4.0,2026-09-06
FP_0434,FP_0434.jpg,CAD,1920,1080,landscape,LOW,MEDIUM,,YES,YES,Public_Dataset (Roboflow: kt-nyjuw/floor-plan-nnoub),CC BY 4.0,2026-09-06
FP_0435,FP_0435.jpg,CAD,1920,1080,landscape,MEDIUM,EASY,,NO,NO,Public_Dataset (Roboflow: kt-nyjuw/floor-plan-nnoub),CC BY 4.0,2026-09-06
FP_0436,FP_0436.jpg,CAD,1920,1080,landscape,MEDIUM,EASY,,NO,YES,Public_Dataset (Roboflow: kt-nyjuw/floor-plan-nnoub),CC BY 4.0,2026-09-06
FP_0437,FP_0437.jpg,CAD,1920,1080,landscape,HIGH,MEDIUM,,YES,YES,Public_Dataset (Roboflow: kt-nyjuw/floor-plan-nnoub),CC BY 4.0,2026-09-06
FP_0438,FP_0438.jpg,CAD,1920,1080,landscape,HIGH,MEDIUM,,NO,YES,Public_Dataset (Roboflow: kt-nyjuw/floor-plan-nnoub),CC BY 4.0,2026-09-06
FP_0439,FP_0439.jpg,CAD,1920,1080,landscape,LOW,MEDIUM,,YES,YES,Public_Dataset (Roboflow: kt-nyjuw/floor-plan-nnoub),CC BY 4.0,2026-09-06
FP_0440,FP_0440.jpg,CAD,1920,1080,landscape,HIGH,EASY,,YES,YES,Public_Dataset (Roboflow: kt-nyjuw/floor-plan-nnoub),CC BY 4.0,2026-09-06
FP_0441,FP_0441.jpg,CAD,1920,1080,landscape,MEDIUM,MEDIUM,,NO,YES,Public_Dataset (Roboflow: kt-nyjuw/floor-plan-nnoub),CC BY 4.0,2026-09-06
FP_0442,FP_0442.jpg,CAD,1920,1080,landscape,HIGH,MEDIUM,,YES,YES,Public_Dataset (Roboflow: kt-nyjuw/floor-plan-nnoub),CC BY 4.0,2026-09-06
FP_0443,FP_0443.jpg,CAD,1920,1080,landscape,MEDIUM,EASY,,NO,YES,Public_Dataset (Roboflow: kt-nyjuw/floor-plan-nnoub),CC BY 4.0,2026-09-06
FP_0444,FP_0444.jpg,CAD,1920,1080,landscape,LOW,MEDIUM,,NO,YES,Public_Dataset (Roboflow: kt-nyjuw/floor-plan-nnoub),CC BY 4.0,2026-09-06
FP_0445,FP_0445.jpg,CAD,1920,1080,landscape,HIGH,EASY,,NO,YES,Public_Dataset (Roboflow: kt-nyjuw/floor-plan-nnoub),CC BY 4.0,2026-09-06
FP_0446,FP_0446.jpg,CAD,1920,1080,landscape,HIGH,EASY,,NO,YES,Public_Dataset (Roboflow: kt-nyjuw/floor-plan-nnoub),CC BY 4.0,2026-09-06
FP_0447,FP_0447.jpg,CAD,1920,1080,landscape,MEDIUM,MEDIUM,,NO,YES,Public_Dataset (Roboflow: kt-nyjuw/floor-plan-nnoub),CC BY 4.0,2026-09-06
FP_0448,FP_0448.jpg,CAD,1920,1080,landscape,LOW,MEDIUM,,YES,YES,Public_Dataset (Roboflow: kt-nyjuw/floor-plan-nnoub),CC BY 4.0,2026-09-06
FP_0449,FP_0449.jpg,CAD,1920,1080,landscape,MEDIUM,EASY,,NO,YES,Public_Dataset (Roboflow: kt-nyjuw/floor-plan-nnoub),CC BY 4.0,2026-09-06
FP_0450,FP_0450.jpg,CAD,1920,1080,landscape,HIGH,MEDIUM,,YES,YES,Public_Dataset (Roboflow: kt-nyjuw/floor-plan-nnoub),CC BY 4.0,2026-09-06
FP_0451,FP_0451.jpg,CAD,1920,1080,landscape,HIGH,EASY,,NO,YES,Public_Dataset (Roboflow: kt-nyjuw/floor-plan-nnoub),CC BY 4.0,2026-09-06
FP_0452,FP_0452.jpg,CAD,1920,1080,landscape,HIGH,EASY,,NO,YES,Public_Dataset (Roboflow: kt-nyjuw/floor-plan-nnoub),CC BY 4.0,2026-09-06
FP_0453,FP_0453.jpg,CAD,1920,1080,landscape,HIGH,MEDIUM,,NO,YES,Public_Dataset (Roboflow: kt-nyjuw/floor-plan-nnoub),CC BY 4.0,2026-09-06
FP_0454,FP_0454.jpg,CAD,1920,1080,landscape,MEDIUM,EASY,,NO,YES,Public_Dataset (Roboflow: kt-nyjuw/floor-plan-nnoub),CC BY 4.0,2026-09-06
FP_0455,FP_0455.jpg,CAD,1920,1080,landscape,MEDIUM,EASY,,NO,NO,Public_Dataset (Roboflow: kt-nyjuw/floor-plan-nnoub),CC BY 4.0,2026-09-06
FP_0456,FP_0456.jpg,CAD,1920,1080,landscape,LOW,MEDIUM,,NO,YES,Public_Dataset (Roboflow: kt-nyjuw/floor-plan-nnoub),CC BY 4.0,2026-09-06
FP_0457,FP_0457.jpg,CAD,1920,1080,landscape,HIGH,MEDIUM,,NO,YES,Public_Dataset (Roboflow: kt-nyjuw/floor-plan-nnoub),CC BY 4.0,2026-09-06
FP_0458,FP_0458.jpg,CAD,1920,1080,landscape,MEDIUM,MEDIUM,,NO,YES,Public_Dataset (Roboflow: kt-nyjuw/floor-plan-nnoub),CC BY 4.0,2026-09-06
FP_0459,FP_0459.jpg,CAD,1920,1080,landscape,HIGH,MEDIUM,,YES,YES,Public_Dataset (Roboflow: kt-nyjuw/floor-plan-nnoub),CC BY 4.0,2026-09-06
FP_0460,FP_0460.jpg,CAD,1920,1080,landscape,LOW,MEDIUM,,NO,YES,Public_Dataset (Roboflow: kt-nyjuw/floor-plan-nnoub),CC BY 4.0,2026-09-06
FP_0461,FP_0461.jpg,CAD,1920,1080,landscape,LOW,MEDIUM,,NO,YES,Public_Dataset (Roboflow: kt-nyjuw/floor-plan-nnoub),CC BY 4.0,2026-09-06
FP_0462,FP_0462.jpg,CAD,1920,1080,landscape,MEDIUM,EASY,,NO,YES,Public_Dataset (Roboflow: kt-nyjuw/floor-plan-nnoub),CC BY 4.0,2026-09-06
FP_0463,FP_0463.jpg,CAD,1920,1080,landscape,MEDIUM,EASY,,YES,YES,Public_Dataset (Roboflow: kt-nyjuw/floor-plan-nnoub),CC BY 4.0,2026-09-06
FP_0464,FP_0464.jpg,CAD,1920,1080,landscape,LOW,MEDIUM,,YES,YES,Public_Dataset (Roboflow: kt-nyjuw/floor-plan-nnoub),CC BY 4.0,2026-09-06
FP_0465,FP_0465.jpg,CAD,1920,1080,landscape,MEDIUM,MEDIUM,,NO,YES,Public_Dataset (Roboflow: kt-nyjuw/floor-plan-nnoub),CC BY 4.0,2026-09-06
FP_0466,FP_0466.jpg,CAD,1920,1080,landscape,HIGH,EASY,,YES,YES,Public_Dataset (Roboflow: kt-nyjuw/floor-plan-nnoub),CC BY 4.0,2026-09-06
FP_0467,FP_0467.jpg,CAD,1920,1080,landscape,LOW,MEDIUM,,YES,YES,Public_Dataset (Roboflow: kt-nyjuw/floor-plan-nnoub),CC BY 4.0,2026-09-06
FP_0468,FP_0468.jpg,CAD,1920,1080,landscape,MEDIUM,EASY,,YES,YES,Public_Dataset (Roboflow: kt-nyjuw/floor-plan-nnoub),CC BY 4.0,2026-09-06
FP_0469,FP_0469.jpg,CAD,1920,1080,landscape,MEDIUM,MEDIUM,,NO,YES,Public_Dataset (Roboflow: kt-nyjuw/floor-plan-nnoub),CC BY 4.0,2026-09-06
FP_0470,FP_0470.jpg,CAD,1920,1080,landscape,HIGH,EASY,,NO,YES,Public_Dataset (Roboflow: kt-nyjuw/floor-plan-nnoub),CC BY 4.0,2026-09-06
FP_0471,FP_0471.jpg,CAD,1920,1080,landscape,MEDIUM,EASY,,NO,YES,Public_Dataset (Roboflow: kt-nyjuw/floor-plan-nnoub),CC BY 4.0,2026-09-06
FP_0472,FP_0472.jpg,CAD,1920,1080,landscape,LOW,MEDIUM,,YES,YES,Public_Dataset (Roboflow: kt-nyjuw/floor-plan-nnoub),CC BY 4.0,2026-09-06
FP_0473,FP_0473.jpg,CAD,1920,1080,landscape,HIGH,EASY,,NO,YES,Public_Dataset (Roboflow: kt-nyjuw/floor-plan-nnoub),CC BY 4.0,2026-09-06
FP_0474,FP_0474.jpg,CAD,1920,1080,landscape,HIGH,MEDIUM,,YES,YES,Public_Dataset (Roboflow: kt-nyjuw/floor-plan-nnoub),CC BY 4.0,2026-09-06
FP_0475,FP_0475.jpg,CAD,1920,1080,landscape,MEDIUM,EASY,,YES,YES,Public_Dataset (Roboflow: kt-nyjuw/floor-plan-nnoub),CC BY 4.0,2026-09-06
FP_0476,FP_0476.jpg,CAD,1920,1080,landscape,MEDIUM,MEDIUM,,NO,YES,Public_Dataset (Roboflow: kt-nyjuw/floor-plan-nnoub),CC BY 4.0,2026-09-06
FP_0477,FP_0477.jpg,CAD,1920,1080,landscape,HIGH,MEDIUM,,YES,YES,Public_Dataset (Roboflow: kt-nyjuw/floor-plan-nnoub),CC BY 4.0,2026-09-06
FP_0478,FP_0478.jpg,CAD,1920,1080,landscape,MEDIUM,MEDIUM,,NO,YES,Public_Dataset (Roboflow: kt-nyjuw/floor-plan-nnoub),CC BY 4.0,2026-09-06
FP_0479,FP_0479.jpg,CAD,1920,1080,landscape,MEDIUM,MEDIUM,,NO,YES,Public_Dataset (Roboflow: kt-nyjuw/floor-plan-nnoub),CC BY 4.0,2026-09-06
FP_0480,FP_0480.jpg,CAD,1920,1080,landscape,HIGH,MEDIUM,,YES,YES,Public_Dataset (Roboflow: kt-nyjuw/floor-plan-nnoub),CC BY 4.0,2026-09-06
FP_0481,FP_0481.jpg,CAD,1920,1080,landscape,LOW,MEDIUM,,NO,YES,Public_Dataset (Roboflow: kt-nyjuw/floor-plan-nnoub),CC BY 4.0,2026-09-06
FP_0482,FP_0482.jpg,CAD,1920,1080,landscape,HIGH,EASY,,YES,YES,Public_Dataset (Roboflow: kt-nyjuw/floor-plan-nnoub),CC BY 4.0,2026-09-06
FP_0483,FP_0483.jpg,CAD,1920,1080,landscape,MEDIUM,HARD,,NO,YES,Public_Dataset (Roboflow: kt-nyjuw/floor-plan-nnoub),CC BY 4.0,2026-09-06
FP_0484,FP_0484.jpg,CAD,1920,1080,landscape,MEDIUM,MEDIUM,,YES,YES,Public_Dataset (Roboflow: kt-nyjuw/floor-plan-nnoub),CC BY 4.0,2026-09-06
FP_0485,FP_0485.jpg,CAD,1920,1080,landscape,LOW,MEDIUM,,NO,YES,Public_Dataset (Roboflow: kt-nyjuw/floor-plan-nnoub),CC BY 4.0,2026-09-06
FP_0486,FP_0486.jpg,CAD,1920,1080,landscape,HIGH,EASY,,NO,YES,Public_Dataset (Roboflow: kt-nyjuw/floor-plan-nnoub),CC BY 4.0,2026-09-06
FP_0487,FP_0487.jpg,CAD,1920,1080,landscape,HIGH,EASY,,NO,YES,Public_Dataset (Roboflow: kt-nyjuw/floor-plan-nnoub),CC BY 4.0,2026-09-06
FP_0488,FP_0488.jpg,CAD,1920,1080,landscape,HIGH,MEDIUM,,NO,YES,Public_Dataset (Roboflow: kt-nyjuw/floor-plan-nnoub),CC BY 4.0,2026-09-06
FP_0489,FP_0489.jpg,CAD,1920,1080,landscape,MEDIUM,MEDIUM,,YES,YES,Public_Dataset (Roboflow: kt-nyjuw/floor-plan-nnoub),CC BY 4.0,2026-09-06
FP_0490,FP_0490.jpg,CAD,1920,1080,landscape,HIGH,EASY,,NO,YES,Public_Dataset (Roboflow: kt-nyjuw/floor-plan-nnoub),CC BY 4.0,2026-09-06
FP_0491,FP_0491.jpg,CAD,1920,1080,landscape,HIGH,MEDIUM,,NO,YES,Public_Dataset (Roboflow: kt-nyjuw/floor-plan-nnoub),CC BY 4.0,2026-09-06
FP_0492,FP_0492.jpg,CAD,1920,1080,landscape,HIGH,EASY,,NO,YES,Public_Dataset (Roboflow: kt-nyjuw/floor-plan-nnoub),CC BY 4.0,2026-09-06
FP_0493,FP_0493.jpg,CAD,1920,1080,landscape,MEDIUM,EASY,,NO,YES,Public_Dataset (Roboflow: kt-nyjuw/floor-plan-nnoub),CC BY 4.0,2026-09-06
FP_0494,FP_0494.jpg,CAD,1920,1080,landscape,HIGH,MEDIUM,,NO,YES,Public_Dataset (Roboflow: kt-nyjuw/floor-plan-nnoub),CC BY 4.0,2026-09-06
FP_0495,FP_0495.jpg,CAD,1920,1080,landscape,MEDIUM,MEDIUM,,NO,YES,Public_Dataset (Roboflow: kt-nyjuw/floor-plan-nnoub),CC BY 4.0,2026-09-06
FP_0496,FP_0496.jpg,CAD,1920,1080,landscape,LOW,MEDIUM,,YES,YES,Public_Dataset (Roboflow: kt-nyjuw/floor-plan-nnoub),CC BY 4.0,2026-09-06
FP_0497,FP_0497.jpg,CAD,1920,1080,landscape,MEDIUM,MEDIUM,,NO,YES,Public_Dataset (Roboflow: kt-nyjuw/floor-plan-nnoub),CC BY 4.0,2026-09-06
FP_0498,FP_0498.jpg,CAD,1920,1080,landscape,LOW,MEDIUM,,YES,YES,Public_Dataset (Roboflow: kt-nyjuw/floor-plan-nnoub),CC BY 4.0,2026-09-06
FP_0499,FP_0499.jpg,CAD,1920,1080,landscape,HIGH,EASY,,YES,YES,Public_Dataset (Roboflow: kt-nyjuw/floor-plan-nnoub),CC BY 4.0,2026-09-06
FP_0500,FP_0500.jpg,CAD,1920,1080,landscape,MEDIUM,MEDIUM,,NO,YES,Public_Dataset (Roboflow: kt-nyjuw/floor-plan-nnoub),CC BY 4.0,2026-09-06
FP_0501,FP_0501.jpg,CAD,1920,1080,landscape,HIGH,EASY,,NO,YES,Public_Dataset (Roboflow: kt-nyjuw/floor-plan-nnoub),CC BY 4.0,2026-09-06
FP_0502,FP_0502.jpg,CAD,1920,1080,landscape,MEDIUM,EASY,,YES,YES,Public_Dataset (Roboflow: kt-nyjuw/floor-plan-nnoub),CC BY 4.0,2026-09-06
FP_0503,FP_0503.jpg,CAD,1920,1080,landscape,MEDIUM,EASY,,NO,YES,Public_Dataset (Roboflow: kt-nyjuw/floor-plan-nnoub),CC BY 4.0,2026-09-06
FP_0504,FP_0504.jpg,CAD,1920,1080,landscape,HIGH,MEDIUM,,YES,YES,Public_Dataset (Roboflow: kt-nyjuw/floor-plan-nnoub),CC BY 4.0,2026-09-06
FP_0505,FP_0505.jpg,CAD,1920,1080,landscape,MEDIUM,EASY,,YES,YES,Public_Dataset (Roboflow: kt-nyjuw/floor-plan-nnoub),CC BY 4.0,2026-09-06
FP_0506,FP_0506.jpg,CAD,1920,1080,landscape,HIGH,MEDIUM,,NO,YES,Public_Dataset (Roboflow: kt-nyjuw/floor-plan-nnoub),CC BY 4.0,2026-09-06
FP_0507,FP_0507.jpg,CAD,1920,1080,landscape,HIGH,MEDIUM,,NO,YES,Public_Dataset (Roboflow: kt-nyjuw/floor-plan-nnoub),CC BY 4.0,2026-09-06
FP_0508,FP_0508.jpg,CAD,1920,1080,landscape,MEDIUM,MEDIUM,,NO,YES,Public_Dataset (Roboflow: kt-nyjuw/floor-plan-nnoub),CC BY 4.0,2026-09-06
FP_0509,FP_0509.jpg,CAD,1920,1080,landscape,HIGH,EASY,,NO,YES,Public_Dataset (Roboflow: kt-nyjuw/floor-plan-nnoub),CC BY 4.0,2026-09-06
FP_0510,FP_0510.jpg,CAD,1920,1080,landscape,LOW,MEDIUM,,NO,NO,Public_Dataset (Roboflow: kt-nyjuw/floor-plan-nnoub),CC BY 4.0,2026-09-06
FP_0511,FP_0511.jpg,CAD,1920,1080,landscape,MEDIUM,EASY,,NO,YES,Public_Dataset (Roboflow: kt-nyjuw/floor-plan-nnoub),CC BY 4.0,2026-09-06
FP_0512,FP_0512.jpg,CAD,1920,1080,landscape,HIGH,MEDIUM,,YES,YES,Public_Dataset (Roboflow: kt-nyjuw/floor-plan-nnoub),CC BY 4.0,2026-09-06
FP_0513,FP_0513.jpg,CAD,1920,1080,landscape,MEDIUM,EASY,,NO,YES,Public_Dataset (Roboflow: kt-nyjuw/floor-plan-nnoub),CC BY 4.0,2026-09-06
FP_0514,FP_0514.jpg,CAD,1920,1080,landscape,MEDIUM,MEDIUM,,NO,YES,Public_Dataset (Roboflow: kt-nyjuw/floor-plan-nnoub),CC BY 4.0,2026-09-06
FP_0515,FP_0515.jpg,CAD,1920,1080,landscape,HIGH,MEDIUM,,YES,YES,Public_Dataset (Roboflow: kt-nyjuw/floor-plan-nnoub),CC BY 4.0,2026-09-06
FP_0516,FP_0516.jpg,CAD,1920,1080,landscape,MEDIUM,MEDIUM,,YES,YES,Public_Dataset (Roboflow: kt-nyjuw/floor-plan-nnoub),CC BY 4.0,2026-09-06
FP_0517,FP_0517.jpg,CAD,1920,1080,landscape,HIGH,MEDIUM,,YES,YES,Public_Dataset (Roboflow: kt-nyjuw/floor-plan-nnoub),CC BY 4.0,2026-09-06
FP_0518,FP_0518.jpg,CAD,1920,1080,landscape,LOW,MEDIUM,,YES,YES,Public_Dataset (Roboflow: kt-nyjuw/floor-plan-nnoub),CC BY 4.0,2026-09-06
FP_0519,FP_0519.jpg,CAD,1920,1080,landscape,HIGH,EASY,,NO,YES,Public_Dataset (Roboflow: kt-nyjuw/floor-plan-nnoub),CC BY 4.0,2026-09-06
FP_0520,FP_0520.jpg,CAD,1920,1080,landscape,LOW,MEDIUM,,NO,YES,Public_Dataset (Roboflow: kt-nyjuw/floor-plan-nnoub),CC BY 4.0,2026-09-06
FP_0521,FP_0521.jpg,CAD,1920,1080,landscape,HIGH,EASY,,YES,YES,Public_Dataset (Roboflow: kt-nyjuw/floor-plan-nnoub),CC BY 4.0,2026-09-06
FP_0522,FP_0522.jpg,CAD,1920,1080,landscape,HIGH,MEDIUM,,NO,YES,Public_Dataset (Roboflow: kt-nyjuw/floor-plan-nnoub),CC BY 4.0,2026-09-06
FP_0523,FP_0523.jpg,CAD,1920,1080,landscape,HIGH,EASY,,NO,YES,Public_Dataset (Roboflow: kt-nyjuw/floor-plan-nnoub),CC BY 4.0,2026-09-06
FP_0524,FP_0524.jpg,CAD,1920,1080,landscape,HIGH,EASY,,NO,YES,Public_Dataset (Roboflow: kt-nyjuw/floor-plan-nnoub),CC BY 4.0,2026-09-06
FP_0525,FP_0525.jpg,CAD,1920,1080,landscape,LOW,MEDIUM,,NO,YES,Public_Dataset (Roboflow: kt-nyjuw/floor-plan-nnoub),CC BY 4.0,2026-09-06
FP_0526,FP_0526.jpg,CAD,1920,1080,landscape,LOW,MEDIUM,,YES,YES,Public_Dataset (Roboflow: kt-nyjuw/floor-plan-nnoub),CC BY 4.0,2026-09-06
FP_0527,FP_0527.jpg,CAD,1920,1080,landscape,HIGH,MEDIUM,,NO,YES,Public_Dataset (Roboflow: kt-nyjuw/floor-plan-nnoub),CC BY 4.0,2026-09-06
FP_0528,FP_0528.jpg,CAD,1920,1080,landscape,MEDIUM,MEDIUM,,YES,YES,Public_Dataset (Roboflow: kt-nyjuw/floor-plan-nnoub),CC BY 4.0,2026-09-06
FP_0529,FP_0529.jpg,CAD,1920,1080,landscape,LOW,MEDIUM,,YES,YES,Public_Dataset (Roboflow: kt-nyjuw/floor-plan-nnoub),CC BY 4.0,2026-09-06
FP_0530,FP_0530.jpg,CAD,1920,1080,landscape,HIGH,MEDIUM,,YES,YES,Public_Dataset (Roboflow: kt-nyjuw/floor-plan-nnoub),CC BY 4.0,2026-09-06
FP_0531,FP_0531.jpg,CAD,1920,1080,landscape,HIGH,MEDIUM,,YES,YES,Public_Dataset (Roboflow: kt-nyjuw/floor-plan-nnoub),CC BY 4.0,2026-09-06
FP_0532,FP_0532.jpg,CAD,1920,1080,landscape,LOW,MEDIUM,,YES,YES,Public_Dataset (Roboflow: kt-nyjuw/floor-plan-nnoub),CC BY 4.0,2026-09-06
FP_0533,FP_0533.jpg,CAD,1920,1080,landscape,HIGH,MEDIUM,,YES,YES,Public_Dataset (Roboflow: kt-nyjuw/floor-plan-nnoub),CC BY 4.0,2026-09-06
FP_0534,FP_0534.jpg,CAD,1920,1080,landscape,HIGH,EASY,,NO,YES,Public_Dataset (Roboflow: kt-nyjuw/floor-plan-nnoub),CC BY 4.0,2026-09-06
FP_0535,FP_0535.jpg,CAD,1920,1080,landscape,MEDIUM,MEDIUM,,YES,YES,Public_Dataset (Roboflow: kt-nyjuw/floor-plan-nnoub),CC BY 4.0,2026-09-06
FP_0536,FP_0536.jpg,CAD,1920,1080,landscape,MEDIUM,MEDIUM,,NO,YES,Public_Dataset (Roboflow: kt-nyjuw/floor-plan-nnoub),CC BY 4.0,2026-09-06
FP_0537,FP_0537.jpg,CAD,1920,1080,landscape,HIGH,MEDIUM,,YES,YES,Public_Dataset (Roboflow: kt-nyjuw/floor-plan-nnoub),CC BY 4.0,2026-09-06
FP_0538,FP_0538.jpg,CAD,1920,1080,landscape,HIGH,EASY,,YES,YES,Public_Dataset (Roboflow: kt-nyjuw/floor-plan-nnoub),CC BY 4.0,2026-09-06
FP_0539,FP_0539.jpg,CAD,1920,1080,landscape,LOW,MEDIUM,,YES,YES,Public_Dataset (Roboflow: kt-nyjuw/floor-plan-nnoub),CC BY 4.0,2026-09-06
FP_0540,FP_0540.jpg,CAD,1920,1080,landscape,MEDIUM,MEDIUM,,YES,YES,Public_Dataset (Roboflow: kt-nyjuw/floor-plan-nnoub),CC BY 4.0,2026-09-06
FP_0541,FP_0541.jpg,CAD,1920,1080,landscape,HIGH,MEDIUM,,NO,YES,Public_Dataset (Roboflow: kt-nyjuw/floor-plan-nnoub),CC BY 4.0,2026-09-06
FP_0542,FP_0542.jpg,CAD,1920,1080,landscape,MEDIUM,EASY,,YES,YES,Public_Dataset (Roboflow: kt-nyjuw/floor-plan-nnoub),CC BY 4.0,2026-09-06
FP_0543,FP_0543.jpg,CAD,1920,1080,landscape,HIGH,MEDIUM,,YES,YES,Public_Dataset (Roboflow: kt-nyjuw/floor-plan-nnoub),CC BY 4.0,2026-09-06
FP_0544,FP_0544.jpg,CAD,1920,1080,landscape,MEDIUM,MEDIUM,,NO,YES,Public_Dataset (Roboflow: kt-nyjuw/floor-plan-nnoub),CC BY 4.0,2026-09-06
FP_0545,FP_0545.jpg,CAD,1920,1080,landscape,HIGH,EASY,,YES,YES,Public_Dataset (Roboflow: kt-nyjuw/floor-plan-nnoub),CC BY 4.0,2026-09-06
FP_0546,FP_0546.jpg,CAD,1920,1080,landscape,HIGH,MEDIUM,,YES,YES,Public_Dataset (Roboflow: kt-nyjuw/floor-plan-nnoub),CC BY 4.0,2026-09-06
FP_0547,FP_0547.jpg,CAD,1920,1080,landscape,MEDIUM,MEDIUM,,NO,YES,Public_Dataset (Roboflow: kt-nyjuw/floor-plan-nnoub),CC BY 4.0,2026-09-06
FP_0548,FP_0548.jpg,CAD,1920,1080,landscape,LOW,MEDIUM,,YES,YES,Public_Dataset (Roboflow: kt-nyjuw/floor-plan-nnoub),CC BY 4.0,2026-09-06
FP_0549,FP_0549.jpg,CAD,1920,1080,landscape,LOW,HARD,,NO,YES,Public_Dataset (Roboflow: kt-nyjuw/floor-plan-nnoub),CC BY 4.0,2026-09-06
FP_0550,FP_0550.jpg,CAD,1920,1080,landscape,HIGH,EASY,,YES,YES,Public_Dataset (Roboflow: kt-nyjuw/floor-plan-nnoub),CC BY 4.0,2026-09-06
FP_0551,FP_0551.jpg,CAD,1920,1080,landscape,HIGH,MEDIUM,,YES,YES,Public_Dataset (Roboflow: kt-nyjuw/floor-plan-nnoub),CC BY 4.0,2026-09-06
FP_0552,FP_0552.jpg,CAD,1920,1080,landscape,HIGH,MEDIUM,,NO,YES,Public_Dataset (Roboflow: kt-nyjuw/floor-plan-nnoub),CC BY 4.0,2026-09-06
FP_0553,FP_0553.jpg,CAD,1920,1080,landscape,HIGH,EASY,,YES,YES,Public_Dataset (Roboflow: kt-nyjuw/floor-plan-nnoub),CC BY 4.0,2026-09-06
FP_0554,FP_0554.jpg,CAD,1920,1080,landscape,MEDIUM,MEDIUM,,NO,YES,Public_Dataset (Roboflow: kt-nyjuw/floor-plan-nnoub),CC BY 4.0,2026-09-06
FP_0555,FP_0555.jpg,CAD,1920,1080,landscape,HIGH,EASY,,YES,YES,Public_Dataset (Roboflow: kt-nyjuw/floor-plan-nnoub),CC BY 4.0,2026-09-06
FP_0556,FP_0556.jpg,CAD,1920,1080,landscape,MEDIUM,MEDIUM,,YES,YES,Public_Dataset (Roboflow: kt-nyjuw/floor-plan-nnoub),CC BY 4.0,2026-09-06
FP_0557,FP_0557.jpg,CAD,1920,1080,landscape,HIGH,MEDIUM,,NO,YES,Public_Dataset (Roboflow: kt-nyjuw/floor-plan-nnoub),CC BY 4.0,2026-09-06
FP_0558,FP_0558.jpg,CAD,1920,1080,landscape,LOW,MEDIUM,,NO,YES,Public_Dataset (Roboflow: kt-nyjuw/floor-plan-nnoub),CC BY 4.0,2026-09-06
FP_0559,FP_0559.jpg,CAD,1920,1080,landscape,MEDIUM,EASY,,YES,YES,Public_Dataset (Roboflow: kt-nyjuw/floor-plan-nnoub),CC BY 4.0,2026-09-06
FP_0560,FP_0560.jpg,CAD,1920,1080,landscape,HIGH,MEDIUM,,NO,YES,Public_Dataset (Roboflow: kt-nyjuw/floor-plan-nnoub),CC BY 4.0,2026-09-06
FP_0561,FP_0561.jpg,CAD,1920,1080,landscape,HIGH,MEDIUM,,YES,YES,Public_Dataset (Roboflow: kt-nyjuw/floor-plan-nnoub),CC BY 4.0,2026-09-06
FP_0562,FP_0562.jpg,CAD,1920,1080,landscape,MEDIUM,MEDIUM,,NO,YES,Public_Dataset (Roboflow: kt-nyjuw/floor-plan-nnoub),CC BY 4.0,2026-09-06
FP_0563,FP_0563.jpg,CAD,1920,1080,landscape,HIGH,EASY,,NO,YES,Public_Dataset (Roboflow: kt-nyjuw/floor-plan-nnoub),CC BY 4.0,2026-09-06
FP_0564,FP_0564.jpg,CAD,1920,1080,landscape,HIGH,EASY,,NO,NO,Public_Dataset (Roboflow: kt-nyjuw/floor-plan-nnoub),CC BY 4.0,2026-09-06
FP_0565,FP_0565.jpg,CAD,1920,1080,landscape,MEDIUM,EASY,,YES,YES,Public_Dataset (Roboflow: kt-nyjuw/floor-plan-nnoub),CC BY 4.0,2026-09-06
FP_0566,FP_0566.jpg,CAD,1920,1080,landscape,HIGH,MEDIUM,,NO,YES,Public_Dataset (Roboflow: kt-nyjuw/floor-plan-nnoub),CC BY 4.0,2026-09-06
FP_0567,FP_0567.jpg,CAD,1920,1080,landscape,LOW,MEDIUM,,YES,YES,Public_Dataset (Roboflow: kt-nyjuw/floor-plan-nnoub),CC BY 4.0,2026-09-06
FP_0568,FP_0568.jpg,CAD,1920,1080,landscape,HIGH,MEDIUM,,NO,YES,Public_Dataset (Roboflow: kt-nyjuw/floor-plan-nnoub),CC BY 4.0,2026-09-06
FP_0569,FP_0569.jpg,CAD,1920,1080,landscape,MEDIUM,EASY,,NO,YES,Public_Dataset (Roboflow: kt-nyjuw/floor-plan-nnoub),CC BY 4.0,2026-09-06
FP_0570,FP_0570.jpg,CAD,1920,1080,landscape,MEDIUM,MEDIUM,,NO,YES,Public_Dataset (Roboflow: kt-nyjuw/floor-plan-nnoub),CC BY 4.0,2026-09-06
FP_0571,FP_0571.jpg,CAD,1920,1080,landscape,HIGH,EASY,,NO,YES,Public_Dataset (Roboflow: kt-nyjuw/floor-plan-nnoub),CC BY 4.0,2026-09-06
FP_0572,FP_0572.jpg,CAD,1920,1080,landscape,MEDIUM,EASY,,NO,YES,Public_Dataset (Roboflow: kt-nyjuw/floor-plan-nnoub),CC BY 4.0,2026-09-06
FP_0573,FP_0573.jpg,CAD,1920,1080,landscape,HIGH,MEDIUM,,NO,YES,Public_Dataset (Roboflow: kt-nyjuw/floor-plan-nnoub),CC BY 4.0,2026-09-06
FP_0574,FP_0574.jpg,CAD,1920,1080,landscape,HIGH,EASY,,YES,YES,Public_Dataset (Roboflow: kt-nyjuw/floor-plan-nnoub),CC BY 4.0,2026-09-06
FP_0575,FP_0575.jpg,CAD,1920,1080,landscape,LOW,MEDIUM,,NO,YES,Public_Dataset (Roboflow: kt-nyjuw/floor-plan-nnoub),CC BY 4.0,2026-09-06
FP_0576,FP_0576.jpg,CAD,1920,1080,landscape,HIGH,EASY,,YES,YES,Public_Dataset (Roboflow: kt-nyjuw/floor-plan-nnoub),CC BY 4.0,2026-09-06
FP_0577,FP_0577.jpg,CAD,1920,1080,landscape,MEDIUM,MEDIUM,,YES,YES,Public_Dataset (Roboflow: kt-nyjuw/floor-plan-nnoub),CC BY 4.0,2026-09-06
FP_0578,FP_0578.jpg,CAD,1920,1080,landscape,MEDIUM,EASY,,NO,YES,Public_Dataset (Roboflow: kt-nyjuw/floor-plan-nnoub),CC BY 4.0,2026-09-06
FP_0579,FP_0579.jpg,CAD,1920,1080,landscape,MEDIUM,MEDIUM,,NO,YES,Public_Dataset (Roboflow: kt-nyjuw/floor-plan-nnoub),CC BY 4.0,2026-09-06
FP_0580,FP_0580.jpg,CAD,1920,1080,landscape,HIGH,MEDIUM,,NO,YES,Public_Dataset (Roboflow: kt-nyjuw/floor-plan-nnoub),CC BY 4.0,2026-09-06
FP_0581,FP_0581.jpg,CAD,1920,1080,landscape,HIGH,MEDIUM,,YES,YES,Public_Dataset (Roboflow: kt-nyjuw/floor-plan-nnoub),CC BY 4.0,2026-09-06
FP_0582,FP_0582.jpg,CAD,1920,1080,landscape,HIGH,MEDIUM,,NO,YES,Public_Dataset (Roboflow: kt-nyjuw/floor-plan-nnoub),CC BY 4.0,2026-09-06
FP_0583,FP_0583.jpg,CAD,1920,1080,landscape,MEDIUM,MEDIUM,,NO,YES,Public_Dataset (Roboflow: kt-nyjuw/floor-plan-nnoub),CC BY 4.0,2026-09-06
FP_0584,FP_0584.jpg,CAD,1920,1080,landscape,MEDIUM,MEDIUM,,NO,YES,Public_Dataset (Roboflow: kt-nyjuw/floor-plan-nnoub),CC BY 4.0,2026-09-06
FP_0585,FP_0585.jpg,CAD,1920,1080,landscape,HIGH,MEDIUM,,YES,YES,Public_Dataset (Roboflow: kt-nyjuw/floor-plan-nnoub),CC BY 4.0,2026-09-06
FP_0586,FP_0586.jpg,CAD,1920,1080,landscape,LOW,MEDIUM,,YES,YES,Public_Dataset (Roboflow: kt-nyjuw/floor-plan-nnoub),CC BY 4.0,2026-09-06
FP_0587,FP_0587.jpg,CAD,1920,1080,landscape,LOW,MEDIUM,,YES,YES,Public_Dataset (Roboflow: kt-nyjuw/floor-plan-nnoub),CC BY 4.0,2026-09-06
FP_0588,FP_0588.jpg,CAD,1920,1080,landscape,MEDIUM,MEDIUM,,NO,YES,Public_Dataset (Roboflow: kt-nyjuw/floor-plan-nnoub),CC BY 4.0,2026-09-06
FP_0589,FP_0589.jpg,CAD,1920,1080,landscape,HIGH,EASY,,YES,YES,Public_Dataset (Roboflow: kt-nyjuw/floor-plan-nnoub),CC BY 4.0,2026-09-06
FP_0590,FP_0590.jpg,CAD,1920,1080,landscape,LOW,MEDIUM,,NO,YES,Public_Dataset (Roboflow: kt-nyjuw/floor-plan-nnoub),CC BY 4.0,2026-09-06
FP_0591,FP_0591.jpg,CAD,1920,1080,landscape,HIGH,MEDIUM,,YES,YES,Public_Dataset (Roboflow: kt-nyjuw/floor-plan-nnoub),CC BY 4.0,2026-09-06
FP_0592,FP_0592.jpg,CAD,1920,1080,landscape,LOW,MEDIUM,,YES,YES,Public_Dataset (Roboflow: kt-nyjuw/floor-plan-nnoub),CC BY 4.0,2026-09-06
FP_0593,FP_0593.jpg,CAD,1920,1080,landscape,MEDIUM,MEDIUM,,YES,YES,Public_Dataset (Roboflow: kt-nyjuw/floor-plan-nnoub),CC BY 4.0,2026-09-06
FP_0594,FP_0594.jpg,CAD,1920,1080,landscape,MEDIUM,MEDIUM,,YES,YES,Public_Dataset (Roboflow: kt-nyjuw/floor-plan-nnoub),CC BY 4.0,2026-09-06
FP_0595,FP_0595.jpg,CAD,1920,1080,landscape,LOW,MEDIUM,,NO,YES,Public_Dataset (Roboflow: kt-nyjuw/floor-plan-nnoub),CC BY 4.0,2026-09-06
FP_0596,FP_0596.jpg,CAD,1920,1080,landscape,MEDIUM,MEDIUM,,YES,YES,Public_Dataset (Roboflow: kt-nyjuw/floor-plan-nnoub),CC BY 4.0,2026-09-06
FP_0597,FP_0597.jpg,CAD,1920,1080,landscape,HIGH,EASY,,NO,YES,Public_Dataset (Roboflow: kt-nyjuw/floor-plan-nnoub),CC BY 4.0,2026-09-06
FP_0598,FP_0598.jpg,CAD,1920,1080,landscape,HIGH,MEDIUM,,NO,YES,Public_Dataset (Roboflow: kt-nyjuw/floor-plan-nnoub),CC BY 4.0,2026-09-06
FP_0599,FP_0599.jpg,CAD,1920,1080,landscape,HIGH,MEDIUM,,YES,YES,Public_Dataset (Roboflow: kt-nyjuw/floor-plan-nnoub),CC BY 4.0,2026-09-06
FP_0600,FP_0600.jpg,CAD,1920,1080,landscape,MEDIUM,MEDIUM,,NO,YES,Public_Dataset (Roboflow: kt-nyjuw/floor-plan-nnoub),CC BY 4.0,2026-09-06
FP_0601,FP_0601.jpg,CAD,1920,1080,landscape,HIGH,EASY,,NO,YES,Public_Dataset (Roboflow: kt-nyjuw/floor-plan-nnoub),CC BY 4.0,2026-09-06
FP_0602,FP_0602.jpg,CAD,1920,1080,landscape,LOW,MEDIUM,,NO,YES,Public_Dataset (Roboflow: kt-nyjuw/floor-plan-nnoub),CC BY 4.0,2026-09-06
FP_0603,FP_0603.jpg,CAD,1920,1080,landscape,MEDIUM,MEDIUM,,NO,YES,Public_Dataset (Roboflow: kt-nyjuw/floor-plan-nnoub),CC BY 4.0,2026-09-06
FP_0604,FP_0604.jpg,CAD,1920,1080,landscape,HIGH,EASY,,NO,YES,Public_Dataset (Roboflow: kt-nyjuw/floor-plan-nnoub),CC BY 4.0,2026-09-06
FP_0605,FP_0605.jpg,CAD,1920,1080,landscape,HIGH,MEDIUM,,NO,YES,Public_Dataset (Roboflow: kt-nyjuw/floor-plan-nnoub),CC BY 4.0,2026-09-06
FP_0606,FP_0606.jpg,CAD,1920,1080,landscape,HIGH,MEDIUM,,NO,YES,Public_Dataset (Roboflow: kt-nyjuw/floor-plan-nnoub),CC BY 4.0,2026-09-06
FP_0607,FP_0607.jpg,CAD,1920,1080,landscape,HIGH,EASY,,NO,YES,Public_Dataset (Roboflow: kt-nyjuw/floor-plan-nnoub),CC BY 4.0,2026-09-06
FP_0608,FP_0608.jpg,CAD,1920,1080,landscape,HIGH,EASY,,NO,YES,Public_Dataset (Roboflow: kt-nyjuw/floor-plan-nnoub),CC BY 4.0,2026-09-06
FP_0609,FP_0609.jpg,CAD,1920,1080,landscape,HIGH,MEDIUM,,YES,YES,Public_Dataset (Roboflow: kt-nyjuw/floor-plan-nnoub),CC BY 4.0,2026-09-06
FP_0610,FP_0610.jpg,CAD,1920,1080,landscape,HIGH,MEDIUM,,YES,YES,Public_Dataset (Roboflow: kt-nyjuw/floor-plan-nnoub),CC BY 4.0,2026-09-06
FP_0611,FP_0611.jpg,CAD,1920,1080,landscape,HIGH,MEDIUM,,NO,YES,Public_Dataset (Roboflow: kt-nyjuw/floor-plan-nnoub),CC BY 4.0,2026-09-06
FP_0612,FP_0612.jpg,CAD,1920,1080,landscape,HIGH,MEDIUM,,YES,YES,Public_Dataset (Roboflow: kt-nyjuw/floor-plan-nnoub),CC BY 4.0,2026-09-06
FP_0613,FP_0613.jpg,CAD,1920,1080,landscape,MEDIUM,EASY,,NO,YES,Public_Dataset (Roboflow: kt-nyjuw/floor-plan-nnoub),CC BY 4.0,2026-09-06
FP_0614,FP_0614.jpg,CAD,1920,1080,landscape,HIGH,EASY,,YES,YES,Public_Dataset (Roboflow: kt-nyjuw/floor-plan-nnoub),CC BY 4.0,2026-09-06
FP_0615,FP_0615.jpg,CAD,1920,1080,landscape,HIGH,MEDIUM,,YES,YES,Public_Dataset (Roboflow: kt-nyjuw/floor-plan-nnoub),CC BY 4.0,2026-09-06
FP_0616,FP_0616.jpg,CAD,1920,1080,landscape,MEDIUM,EASY,,NO,YES,Public_Dataset (Roboflow: kt-nyjuw/floor-plan-nnoub),CC BY 4.0,2026-09-06
FP_0617,FP_0617.jpg,CAD,1920,1080,landscape,MEDIUM,MEDIUM,,NO,YES,Public_Dataset (Roboflow: kt-nyjuw/floor-plan-nnoub),CC BY 4.0,2026-09-06
FP_0618,FP_0618.jpg,CAD,1920,1080,landscape,LOW,MEDIUM,,YES,YES,Public_Dataset (Roboflow: kt-nyjuw/floor-plan-nnoub),CC BY 4.0,2026-09-06
FP_0619,FP_0619.jpg,CAD,1920,1080,landscape,LOW,MEDIUM,,YES,YES,Public_Dataset (Roboflow: kt-nyjuw/floor-plan-nnoub),CC BY 4.0,2026-09-06
FP_0620,FP_0620.jpg,CAD,1920,1080,landscape,LOW,MEDIUM,,NO,YES,Public_Dataset (Roboflow: kt-nyjuw/floor-plan-nnoub),CC BY 4.0,2026-09-06
FP_0621,FP_0621.jpg,CAD,1920,1080,landscape,MEDIUM,MEDIUM,,YES,YES,Public_Dataset (Roboflow: kt-nyjuw/floor-plan-nnoub),CC BY 4.0,2026-09-06
FP_0622,FP_0622.jpg,CAD,1920,1080,landscape,MEDIUM,EASY,,YES,YES,Public_Dataset (Roboflow: kt-nyjuw/floor-plan-nnoub),CC BY 4.0,2026-09-06
FP_0623,FP_0623.jpg,CAD,1920,1080,landscape,LOW,MEDIUM,,YES,YES,Public_Dataset (Roboflow: kt-nyjuw/floor-plan-nnoub),CC BY 4.0,2026-09-06
FP_0624,FP_0624.jpg,CAD,1920,1080,landscape,LOW,MEDIUM,,YES,YES,Public_Dataset (Roboflow: kt-nyjuw/floor-plan-nnoub),CC BY 4.0,2026-09-06
FP_0625,FP_0625.jpg,CAD,1920,1080,landscape,HIGH,MEDIUM,,NO,YES,Public_Dataset (Roboflow: kt-nyjuw/floor-plan-nnoub),CC BY 4.0,2026-09-06
FP_0626,FP_0626.jpg,CAD,1920,1080,landscape,HIGH,MEDIUM,,YES,YES,Public_Dataset (Roboflow: kt-nyjuw/floor-plan-nnoub),CC BY 4.0,2026-09-06
FP_0627,FP_0627.jpg,CAD,1920,1080,landscape,HIGH,EASY,,NO,YES,Public_Dataset (Roboflow: kt-nyjuw/floor-plan-nnoub),CC BY 4.0,2026-09-06
FP_0628,FP_0628.jpg,CAD,1920,1080,landscape,HIGH,EASY,,YES,YES,Public_Dataset (Roboflow: kt-nyjuw/floor-plan-nnoub),CC BY 4.0,2026-09-06
FP_0629,FP_0629.jpg,CAD,1920,1080,landscape,MEDIUM,MEDIUM,,NO,YES,Public_Dataset (Roboflow: kt-nyjuw/floor-plan-nnoub),CC BY 4.0,2026-09-06
FP_0630,FP_0630.jpg,CAD,1920,1080,landscape,LOW,MEDIUM,,YES,YES,Public_Dataset (Roboflow: kt-nyjuw/floor-plan-nnoub),CC BY 4.0,2026-09-06
FP_0631,FP_0631.jpg,CAD,1920,1080,landscape,HIGH,EASY,,NO,YES,Public_Dataset (Roboflow: kt-nyjuw/floor-plan-nnoub),CC BY 4.0,2026-09-06
FP_0632,FP_0632.jpg,CAD,1920,1080,landscape,HIGH,EASY,,YES,YES,Public_Dataset (Roboflow: kt-nyjuw/floor-plan-nnoub),CC BY 4.0,2026-09-06
FP_0633,FP_0633.jpg,CAD,1920,1080,landscape,LOW,MEDIUM,,NO,YES,Public_Dataset (Roboflow: kt-nyjuw/floor-plan-nnoub),CC BY 4.0,2026-09-06
FP_0634,FP_0634.jpg,CAD,1920,1080,landscape,HIGH,EASY,,NO,YES,Public_Dataset (Roboflow: kt-nyjuw/floor-plan-nnoub),CC BY 4.0,2026-09-06
FP_0635,FP_0635.jpg,CAD,1920,1080,landscape,MEDIUM,MEDIUM,,NO,YES,Public_Dataset (Roboflow: kt-nyjuw/floor-plan-nnoub),CC BY 4.0,2026-09-06
FP_0636,FP_0636.jpg,CAD,1920,1080,landscape,LOW,HARD,,NO,YES,Public_Dataset (Roboflow: kt-nyjuw/floor-plan-nnoub),CC BY 4.0,2026-09-06
FP_0637,FP_0637.jpg,CAD,1920,1080,landscape,MEDIUM,MEDIUM,,NO,YES,Public_Dataset (Roboflow: kt-nyjuw/floor-plan-nnoub),CC BY 4.0,2026-09-06
FP_0638,FP_0638.jpg,CAD,1920,1080,landscape,MEDIUM,MEDIUM,,NO,YES,Public_Dataset (Roboflow: kt-nyjuw/floor-plan-nnoub),CC BY 4.0,2026-09-06
FP_0639,FP_0639.jpg,CAD,1920,1080,landscape,HIGH,EASY,,NO,YES,Public_Dataset (Roboflow: kt-nyjuw/floor-plan-nnoub),CC BY 4.0,2026-09-06
FP_0640,FP_0640.jpg,CAD,1920,1080,landscape,LOW,MEDIUM,,NO,YES,Public_Dataset (Roboflow: kt-nyjuw/floor-plan-nnoub),CC BY 4.0,2026-09-06
FP_0641,FP_0641.jpg,CAD,1920,1080,landscape,MEDIUM,MEDIUM,,NO,YES,Public_Dataset (Roboflow: kt-nyjuw/floor-plan-nnoub),CC BY 4.0,2026-09-06
FP_0642,FP_0642.jpg,CAD,1920,1080,landscape,LOW,MEDIUM,,NO,YES,Public_Dataset (Roboflow: kt-nyjuw/floor-plan-nnoub),CC BY 4.0,2026-09-06
FP_0643,FP_0643.jpg,CAD,1920,1080,landscape,HIGH,EASY,,YES,YES,Public_Dataset (Roboflow: kt-nyjuw/floor-plan-nnoub),CC BY 4.0,2026-09-06
FP_0644,FP_0644.jpg,CAD,1920,1080,landscape,MEDIUM,MEDIUM,,NO,YES,Public_Dataset (Roboflow: kt-nyjuw/floor-plan-nnoub),CC BY 4.0,2026-09-06
FP_0645,FP_0645.jpg,CAD,1920,1080,landscape,MEDIUM,MEDIUM,,NO,YES,Public_Dataset (Roboflow: kt-nyjuw/floor-plan-nnoub),CC BY 4.0,2026-09-06
FP_0646,FP_0646.jpg,CAD,1920,1080,landscape,MEDIUM,EASY,,NO,YES,Public_Dataset (Roboflow: kt-nyjuw/floor-plan-nnoub),CC BY 4.0,2026-09-06
FP_0647,FP_0647.jpg,CAD,1920,1080,landscape,HIGH,MEDIUM,,YES,YES,Public_Dataset (Roboflow: kt-nyjuw/floor-plan-nnoub),CC BY 4.0,2026-09-06
FP_0648,FP_0648.jpg,CAD,1920,1080,landscape,MEDIUM,MEDIUM,,NO,YES,Public_Dataset (Roboflow: kt-nyjuw/floor-plan-nnoub),CC BY 4.0,2026-09-06
FP_0649,FP_0649.jpg,CAD,1920,1080,landscape,LOW,MEDIUM,,YES,YES,Public_Dataset (Roboflow: kt-nyjuw/floor-plan-nnoub),CC BY 4.0,2026-09-06
FP_0650,FP_0650.jpg,CAD,1920,1080,landscape,MEDIUM,EASY,,NO,YES,Public_Dataset (Roboflow: kt-nyjuw/floor-plan-nnoub),CC BY 4.0,2026-09-06
FP_0651,FP_0651.jpg,CAD,1920,1080,landscape,HIGH,MEDIUM,,YES,YES,Public_Dataset (Roboflow: kt-nyjuw/floor-plan-nnoub),CC BY 4.0,2026-09-06
FP_0652,FP_0652.jpg,CAD,1920,1080,landscape,LOW,MEDIUM,,NO,YES,Public_Dataset (Roboflow: kt-nyjuw/floor-plan-nnoub),CC BY 4.0,2026-09-06
FP_0653,FP_0653.jpg,CAD,1920,1080,landscape,HIGH,EASY,,NO,YES,Public_Dataset (Roboflow: kt-nyjuw/floor-plan-nnoub),CC BY 4.0,2026-09-06
FP_0654,FP_0654.jpg,CAD,1920,1080,landscape,HIGH,MEDIUM,,YES,YES,Public_Dataset (Roboflow: kt-nyjuw/floor-plan-nnoub),CC BY 4.0,2026-09-06
FP_0655,FP_0655.jpg,CAD,1920,1080,landscape,HIGH,MEDIUM,,NO,YES,Public_Dataset (Roboflow: kt-nyjuw/floor-plan-nnoub),CC BY 4.0,2026-09-06
FP_0656,FP_0656.jpg,CAD,1920,1080,landscape,LOW,MEDIUM,,YES,YES,Public_Dataset (Roboflow: kt-nyjuw/floor-plan-nnoub),CC BY 4.0,2026-09-06
FP_0657,FP_0657.jpg,CAD,1920,1080,landscape,HIGH,EASY,,YES,YES,Public_Dataset (Roboflow: kt-nyjuw/floor-plan-nnoub),CC BY 4.0,2026-09-06
FP_0658,FP_0658.jpg,CAD,1920,1080,landscape,MEDIUM,MEDIUM,,NO,YES,Public_Dataset (Roboflow: kt-nyjuw/floor-plan-nnoub),CC BY 4.0,2026-09-06
FP_0659,FP_0659.jpg,CAD,1920,1080,landscape,LOW,MEDIUM,,NO,YES,Public_Dataset (Roboflow: kt-nyjuw/floor-plan-nnoub),CC BY 4.0,2026-09-06
FP_0660,FP_0660.jpg,CAD,1920,1080,landscape,MEDIUM,MEDIUM,,YES,YES,Public_Dataset (Roboflow: kt-nyjuw/floor-plan-nnoub),CC BY 4.0,2026-09-06
FP_0661,FP_0661.jpg,CAD,1920,1080,landscape,LOW,MEDIUM,,NO,YES,Public_Dataset (Roboflow: kt-nyjuw/floor-plan-nnoub),CC BY 4.0,2026-09-06
FP_0662,FP_0662.jpg,CAD,1920,1080,landscape,MEDIUM,MEDIUM,,NO,YES,Public_Dataset (Roboflow: kt-nyjuw/floor-plan-nnoub),CC BY 4.0,2026-09-06
FP_0663,FP_0663.jpg,CAD,1920,1080,landscape,MEDIUM,EASY,,NO,YES,Public_Dataset (Roboflow: kt-nyjuw/floor-plan-nnoub),CC BY 4.0,2026-09-06
FP_0664,FP_0664.jpg,CAD,1920,1080,landscape,HIGH,EASY,,YES,YES,Public_Dataset (Roboflow: kt-nyjuw/floor-plan-nnoub),CC BY 4.0,2026-09-06
FP_0665,FP_0665.jpg,CAD,1920,1080,landscape,MEDIUM,MEDIUM,,YES,YES,Public_Dataset (Roboflow: kt-nyjuw/floor-plan-nnoub),CC BY 4.0,2026-09-06
FP_0666,FP_0666.jpg,CAD,1920,1080,landscape,MEDIUM,MEDIUM,,NO,YES,Public_Dataset (Roboflow: kt-nyjuw/floor-plan-nnoub),CC BY 4.0,2026-09-06
FP_0667,FP_0667.jpg,CAD,1920,1080,landscape,LOW,MEDIUM,,NO,NO,Public_Dataset (Roboflow: kt-nyjuw/floor-plan-nnoub),CC BY 4.0,2026-09-06
FP_0668,FP_0668.jpg,CAD,1920,1080,landscape,HIGH,EASY,,NO,YES,Public_Dataset (Roboflow: kt-nyjuw/floor-plan-nnoub),CC BY 4.0,2026-09-06
FP_0669,FP_0669.jpg,CAD,1920,1080,landscape,HIGH,MEDIUM,,YES,YES,Public_Dataset (Roboflow: kt-nyjuw/floor-plan-nnoub),CC BY 4.0,2026-09-06
FP_0670,FP_0670.jpg,CAD,1920,1080,landscape,HIGH,MEDIUM,,NO,YES,Public_Dataset (Roboflow: kt-nyjuw/floor-plan-nnoub),CC BY 4.0,2026-09-06
FP_0671,FP_0671.jpg,CAD,1920,1080,landscape,HIGH,MEDIUM,,NO,YES,Public_Dataset (Roboflow: kt-nyjuw/floor-plan-nnoub),CC BY 4.0,2026-09-06
FP_0672,FP_0672.jpg,CAD,1920,1080,landscape,MEDIUM,MEDIUM,,NO,YES,Public_Dataset (Roboflow: kt-nyjuw/floor-plan-nnoub),CC BY 4.0,2026-09-06
FP_0673,FP_0673.jpg,CAD,1920,1080,landscape,HIGH,MEDIUM,,NO,YES,Public_Dataset (Roboflow: kt-nyjuw/floor-plan-nnoub),CC BY 4.0,2026-09-06
FP_0674,FP_0674.jpg,CAD,1920,1080,landscape,MEDIUM,MEDIUM,,YES,YES,Public_Dataset (Roboflow: kt-nyjuw/floor-plan-nnoub),CC BY 4.0,2026-09-06
FP_0675,FP_0675.jpg,CAD,1920,1080,landscape,MEDIUM,MEDIUM,,NO,YES,Public_Dataset (Roboflow: kt-nyjuw/floor-plan-nnoub),CC BY 4.0,2026-09-06
FP_0676,FP_0676.jpg,CAD,1920,1080,landscape,HIGH,MEDIUM,,YES,YES,Public_Dataset (Roboflow: kt-nyjuw/floor-plan-nnoub),CC BY 4.0,2026-09-06
FP_0677,FP_0677.jpg,CAD,1920,1080,landscape,MEDIUM,EASY,,NO,YES,Public_Dataset (Roboflow: kt-nyjuw/floor-plan-nnoub),CC BY 4.0,2026-09-06
FP_0678,FP_0678.jpg,CAD,1920,1080,landscape,LOW,MEDIUM,,YES,YES,Public_Dataset (Roboflow: kt-nyjuw/floor-plan-nnoub),CC BY 4.0,2026-09-06
FP_0679,FP_0679.jpg,CAD,1920,1080,landscape,HIGH,EASY,,NO,YES,Public_Dataset (Roboflow: kt-nyjuw/floor-plan-nnoub),CC BY 4.0,2026-09-06
FP_0680,FP_0680.jpg,CAD,1920,1080,landscape,HIGH,EASY,,NO,YES,Public_Dataset (Roboflow: kt-nyjuw/floor-plan-nnoub),CC BY 4.0,2026-09-06
FP_0681,FP_0681.jpg,CAD,1920,1080,landscape,MEDIUM,MEDIUM,,YES,YES,Public_Dataset (Roboflow: kt-nyjuw/floor-plan-nnoub),CC BY 4.0,2026-09-06
FP_0682,FP_0682.jpg,CAD,1920,1080,landscape,HIGH,MEDIUM,,NO,YES,Public_Dataset (Roboflow: kt-nyjuw/floor-plan-nnoub),CC BY 4.0,2026-09-06
FP_0683,FP_0683.jpg,CAD,1920,1080,landscape,HIGH,EASY,,NO,YES,Public_Dataset (Roboflow: kt-nyjuw/floor-plan-nnoub),CC BY 4.0,2026-09-06
FP_0684,FP_0684.jpg,CAD,1920,1080,landscape,HIGH,EASY,,YES,YES,Public_Dataset (Roboflow: kt-nyjuw/floor-plan-nnoub),CC BY 4.0,2026-09-06
FP_0685,FP_0685.jpg,CAD,1920,1080,landscape,MEDIUM,EASY,,NO,YES,Public_Dataset (Roboflow: kt-nyjuw/floor-plan-nnoub),CC BY 4.0,2026-09-06
FP_0686,FP_0686.jpg,CAD,1920,1080,landscape,HIGH,MEDIUM,,YES,YES,Public_Dataset (Roboflow: kt-nyjuw/floor-plan-nnoub),CC BY 4.0,2026-09-06
FP_0687,FP_0687.jpg,CAD,1920,1080,landscape,HIGH,EASY,,YES,YES,Public_Dataset (Roboflow: kt-nyjuw/floor-plan-nnoub),CC BY 4.0,2026-09-06
FP_0688,FP_0688.jpg,CAD,1920,1080,landscape,HIGH,MEDIUM,,NO,YES,Public_Dataset (Roboflow: kt-nyjuw/floor-plan-nnoub),CC BY 4.0,2026-09-06
FP_0689,FP_0689.jpg,CAD,1920,1080,landscape,HIGH,MEDIUM,,YES,YES,Public_Dataset (Roboflow: kt-nyjuw/floor-plan-nnoub),CC BY 4.0,2026-09-06
FP_0690,FP_0690.jpg,CAD,1920,1080,landscape,MEDIUM,MEDIUM,,NO,YES,Public_Dataset (Roboflow: kt-nyjuw/floor-plan-nnoub),CC BY 4.0,2026-09-06
FP_0691,FP_0691.jpg,CAD,1920,1080,landscape,MEDIUM,MEDIUM,,NO,YES,Public_Dataset (Roboflow: kt-nyjuw/floor-plan-nnoub),CC BY 4.0,2026-09-06
FP_0692,FP_0692.jpg,CAD,1920,1080,landscape,LOW,MEDIUM,,NO,YES,Public_Dataset (Roboflow: kt-nyjuw/floor-plan-nnoub),CC BY 4.0,2026-09-06
FP_0693,FP_0693.jpg,CAD,1920,1080,landscape,HIGH,MEDIUM,,NO,YES,Public_Dataset (Roboflow: kt-nyjuw/floor-plan-nnoub),CC BY 4.0,2026-09-06
FP_0694,FP_0694.jpg,CAD,1920,1080,landscape,MEDIUM,MEDIUM,,NO,YES,Public_Dataset (Roboflow: kt-nyjuw/floor-plan-nnoub),CC BY 4.0,2026-09-06
FP_0695,FP_0695.jpg,CAD,1920,1080,landscape,MEDIUM,EASY,,YES,YES,Public_Dataset (Roboflow: kt-nyjuw/floor-plan-nnoub),CC BY 4.0,2026-09-06
FP_0696,FP_0696.jpg,CAD,1920,1080,landscape,HIGH,EASY,,NO,YES,Public_Dataset (Roboflow: kt-nyjuw/floor-plan-nnoub),CC BY 4.0,2026-09-06
FP_0697,FP_0697.jpg,CAD,1920,1080,landscape,HIGH,EASY,,YES,YES,Public_Dataset (Roboflow: kt-nyjuw/floor-plan-nnoub),CC BY 4.0,2026-09-06
FP_0698,FP_0698.jpg,CAD,1920,1080,landscape,LOW,MEDIUM,,NO,YES,Public_Dataset (Roboflow: kt-nyjuw/floor-plan-nnoub),CC BY 4.0,2026-09-06
FP_0699,FP_0699.jpg,CAD,1920,1080,landscape,MEDIUM,MEDIUM,,YES,YES,Public_Dataset (Roboflow: kt-nyjuw/floor-plan-nnoub),CC BY 4.0,2026-09-06
FP_0700,FP_0700.jpg,CAD,1920,1080,landscape,MEDIUM,MEDIUM,,NO,YES,Public_Dataset (Roboflow: kt-nyjuw/floor-plan-nnoub),CC BY 4.0,2026-09-06
FP_0701,FP_0701.jpg,CAD,1920,1080,landscape,HIGH,EASY,,YES,YES,Public_Dataset (Roboflow: kt-nyjuw/floor-plan-nnoub),CC BY 4.0,2026-09-06
FP_0702,FP_0702.jpg,CAD,1920,1080,landscape,HIGH,EASY,,NO,YES,Public_Dataset (Roboflow: kt-nyjuw/floor-plan-nnoub),CC BY 4.0,2026-09-06
FP_0703,FP_0703.jpg,CAD,1920,1080,landscape,LOW,MEDIUM,,YES,YES,Public_Dataset (Roboflow: kt-nyjuw/floor-plan-nnoub),CC BY 4.0,2026-09-06
FP_0704,FP_0704.jpg,CAD,1920,1080,landscape,MEDIUM,MEDIUM,,YES,YES,Public_Dataset (Roboflow: kt-nyjuw/floor-plan-nnoub),CC BY 4.0,2026-09-06
FP_0705,FP_0705.jpg,CAD,1920,1080,landscape,MEDIUM,EASY,,NO,YES,Public_Dataset (Roboflow: kt-nyjuw/floor-plan-nnoub),CC BY 4.0,2026-09-06
FP_0706,FP_0706.jpg,CAD,1920,1080,landscape,MEDIUM,EASY,,NO,YES,Public_Dataset (Roboflow: kt-nyjuw/floor-plan-nnoub),CC BY 4.0,2026-09-06
FP_0707,FP_0707.jpg,CAD,1920,1080,landscape,HIGH,MEDIUM,,YES,YES,Public_Dataset (Roboflow: kt-nyjuw/floor-plan-nnoub),CC BY 4.0,2026-09-06
FP_0708,FP_0708.jpg,CAD,1920,1080,landscape,MEDIUM,EASY,,YES,YES,Public_Dataset (Roboflow: kt-nyjuw/floor-plan-nnoub),CC BY 4.0,2026-09-06
FP_0709,FP_0709.jpg,CAD,1920,1080,landscape,HIGH,EASY,,YES,YES,Public_Dataset (Roboflow: kt-nyjuw/floor-plan-nnoub),CC BY 4.0,2026-09-06
FP_0710,FP_0710.jpg,CAD,1920,1080,landscape,LOW,MEDIUM,,NO,YES,Public_Dataset (Roboflow: kt-nyjuw/floor-plan-nnoub),CC BY 4.0,2026-09-06
FP_0711,FP_0711.jpg,CAD,1920,1080,landscape,MEDIUM,MEDIUM,,NO,YES,Public_Dataset (Roboflow: kt-nyjuw/floor-plan-nnoub),CC BY 4.0,2026-09-06
FP_0712,FP_0712.jpg,CAD,1920,1080,landscape,HIGH,MEDIUM,,NO,YES,Public_Dataset (Roboflow: kt-nyjuw/floor-plan-nnoub),CC BY 4.0,2026-09-06
FP_0713,FP_0713.jpg,CAD,1920,1080,landscape,MEDIUM,EASY,,NO,YES,Public_Dataset (Roboflow: kt-nyjuw/floor-plan-nnoub),CC BY 4.0,2026-09-06
FP_0714,FP_0714.jpg,CAD,1920,1080,landscape,MEDIUM,MEDIUM,,NO,YES,Public_Dataset (Roboflow: kt-nyjuw/floor-plan-nnoub),CC BY 4.0,2026-09-06
FP_0715,FP_0715.jpg,CAD,1920,1080,landscape,MEDIUM,EASY,,NO,YES,Public_Dataset (Roboflow: kt-nyjuw/floor-plan-nnoub),CC BY 4.0,2026-09-06
FP_0716,FP_0716.jpg,CAD,1920,1080,landscape,MEDIUM,EASY,,NO,YES,Public_Dataset (Roboflow: kt-nyjuw/floor-plan-nnoub),CC BY 4.0,2026-09-06
FP_0717,FP_0717.jpg,CAD,1920,1080,landscape,LOW,MEDIUM,,NO,YES,Public_Dataset (Roboflow: kt-nyjuw/floor-plan-nnoub),CC BY 4.0,2026-09-06
FP_0718,FP_0718.jpg,CAD,1920,1080,landscape,MEDIUM,EASY,,NO,YES,Public_Dataset (Roboflow: kt-nyjuw/floor-plan-nnoub),CC BY 4.0,2026-09-06
FP_0719,FP_0719.jpg,CAD,1920,1080,landscape,LOW,MEDIUM,,NO,YES,Public_Dataset (Roboflow: kt-nyjuw/floor-plan-nnoub),CC BY 4.0,2026-09-06
FP_0720,FP_0720.jpg,CAD,1920,1080,landscape,LOW,MEDIUM,,NO,NO,Public_Dataset (Roboflow: kt-nyjuw/floor-plan-nnoub),CC BY 4.0,2026-09-06
FP_0721,FP_0721.jpg,CAD,1920,1080,landscape,HIGH,EASY,,NO,YES,Public_Dataset (Roboflow: kt-nyjuw/floor-plan-nnoub),CC BY 4.0,2026-09-06
FP_0722,FP_0722.jpg,CAD,1920,1080,landscape,MEDIUM,EASY,,NO,YES,Public_Dataset (Roboflow: kt-nyjuw/floor-plan-nnoub),CC BY 4.0,2026-09-06
FP_0723,FP_0723.jpg,CAD,1920,1080,landscape,MEDIUM,EASY,,NO,YES,Public_Dataset (Roboflow: kt-nyjuw/floor-plan-nnoub),CC BY 4.0,2026-09-06
FP_0724,FP_0724.jpg,CAD,1920,1080,landscape,MEDIUM,EASY,,NO,YES,Public_Dataset (Roboflow: kt-nyjuw/floor-plan-nnoub),CC BY 4.0,2026-09-06
FP_0725,FP_0725.jpg,CAD,1920,1080,landscape,MEDIUM,EASY,,NO,YES,Public_Dataset (Roboflow: kt-nyjuw/floor-plan-nnoub),CC BY 4.0,2026-09-06
FP_0726,FP_0726.jpg,CAD,1920,1080,landscape,MEDIUM,EASY,,NO,YES,Public_Dataset (Roboflow: kt-nyjuw/floor-plan-nnoub),CC BY 4.0,2026-09-06
FP_0727,FP_0727.jpg,CAD,1920,1080,landscape,HIGH,EASY,,NO,YES,Public_Dataset (Roboflow: kt-nyjuw/floor-plan-nnoub),CC BY 4.0,2026-09-06
FP_0728,FP_0728.jpg,CAD,1920,1080,landscape,HIGH,MEDIUM,,YES,YES,Public_Dataset (Roboflow: kt-nyjuw/floor-plan-nnoub),CC BY 4.0,2026-09-06
FP_0729,FP_0729.jpg,CAD,1920,1080,landscape,HIGH,EASY,,NO,YES,Public_Dataset (Roboflow: kt-nyjuw/floor-plan-nnoub),CC BY 4.0,2026-09-06
FP_0730,FP_0730.jpg,CAD,1920,1080,landscape,LOW,MEDIUM,,NO,YES,Public_Dataset (Roboflow: kt-nyjuw/floor-plan-nnoub),CC BY 4.0,2026-09-06
FP_0731,FP_0731.jpg,CAD,1920,1080,landscape,LOW,MEDIUM,,NO,YES,Public_Dataset (Roboflow: kt-nyjuw/floor-plan-nnoub),CC BY 4.0,2026-09-06
FP_0732,FP_0732.jpg,CAD,1920,1080,landscape,MEDIUM,EASY,,NO,YES,Public_Dataset (Roboflow: kt-nyjuw/floor-plan-nnoub),CC BY 4.0,2026-09-06
FP_0733,FP_0733.jpg,CAD,1920,1080,landscape,LOW,MEDIUM,,NO,YES,Public_Dataset (Roboflow: kt-nyjuw/floor-plan-nnoub),CC BY 4.0,2026-09-06
FP_0734,FP_0734.jpg,CAD,1920,1080,landscape,MEDIUM,EASY,,NO,YES,Public_Dataset (Roboflow: kt-nyjuw/floor-plan-nnoub),CC BY 4.0,2026-09-06
FP_0735,FP_0735.jpg,CAD,1920,1080,landscape,LOW,MEDIUM,,NO,YES,Public_Dataset (Roboflow: kt-nyjuw/floor-plan-nnoub),CC BY 4.0,2026-09-06
FP_0736,FP_0736.jpg,CAD,1920,1080,landscape,HIGH,EASY,,NO,YES,Public_Dataset (Roboflow: kt-nyjuw/floor-plan-nnoub),CC BY 4.0,2026-09-06
FP_0737,FP_0737.jpg,CAD,1920,1080,landscape,HIGH,EASY,,NO,YES,Public_Dataset (Roboflow: kt-nyjuw/floor-plan-nnoub),CC BY 4.0,2026-09-06
FP_0738,FP_0738.jpg,CAD,1920,1080,landscape,MEDIUM,EASY,,YES,YES,Public_Dataset (Roboflow: kt-nyjuw/floor-plan-nnoub),CC BY 4.0,2026-09-06
FP_0739,FP_0739.jpg,CAD,1920,1080,landscape,MEDIUM,EASY,,NO,YES,Public_Dataset (Roboflow: kt-nyjuw/floor-plan-nnoub),CC BY 4.0,2026-09-06
FP_0740,FP_0740.jpg,CAD,1920,1080,landscape,HIGH,EASY,,NO,YES,Public_Dataset (Roboflow: kt-nyjuw/floor-plan-nnoub),CC BY 4.0,2026-09-06
FP_0741,FP_0741.jpg,CAD,1920,1080,landscape,MEDIUM,EASY,,NO,YES,Public_Dataset (Roboflow: kt-nyjuw/floor-plan-nnoub),CC BY 4.0,2026-09-06
FP_0742,FP_0742.jpg,CAD,1920,1080,landscape,LOW,MEDIUM,,NO,YES,Public_Dataset (Roboflow: kt-nyjuw/floor-plan-nnoub),CC BY 4.0,2026-09-06
FP_0743,FP_0743.jpg,CAD,1920,1080,landscape,MEDIUM,EASY,,NO,YES,Public_Dataset (Roboflow: kt-nyjuw/floor-plan-nnoub),CC BY 4.0,2026-09-06
FP_0744,FP_0744.jpg,CAD,1920,1080,landscape,MEDIUM,EASY,,NO,YES,Public_Dataset (Roboflow: kt-nyjuw/floor-plan-nnoub),CC BY 4.0,2026-09-06
FP_0745,FP_0745.jpg,CAD,1920,1080,landscape,MEDIUM,EASY,,YES,YES,Public_Dataset (Roboflow: kt-nyjuw/floor-plan-nnoub),CC BY 4.0,2026-09-06
FP_0746,FP_0746.jpg,CAD,1920,1080,landscape,MEDIUM,EASY,,NO,YES,Public_Dataset (Roboflow: kt-nyjuw/floor-plan-nnoub),CC BY 4.0,2026-09-06
FP_0747,FP_0747.jpg,CAD,1920,1080,landscape,LOW,MEDIUM,,NO,YES,Public_Dataset (Roboflow: kt-nyjuw/floor-plan-nnoub),CC BY 4.0,2026-09-06
FP_0748,FP_0748.jpg,CAD,1920,1080,landscape,MEDIUM,EASY,,NO,YES,Public_Dataset (Roboflow: kt-nyjuw/floor-plan-nnoub),CC BY 4.0,2026-09-06
FP_0749,FP_0749.jpg,CAD,1920,1080,landscape,MEDIUM,EASY,,NO,YES,Public_Dataset (Roboflow: kt-nyjuw/floor-plan-nnoub),CC BY 4.0,2026-09-06
FP_0750,FP_0750.jpg,CAD,1920,1080,landscape,MEDIUM,EASY,,NO,YES,Public_Dataset (Roboflow: kt-nyjuw/floor-plan-nnoub),CC BY 4.0,2026-09-06
FP_0751,FP_0751.jpg,CAD,1920,1080,landscape,LOW,MEDIUM,,NO,YES,Public_Dataset (Roboflow: kt-nyjuw/floor-plan-nnoub),CC BY 4.0,2026-09-06
FP_0752,FP_0752.jpg,CAD,1920,1080,landscape,MEDIUM,EASY,,NO,YES,Public_Dataset (Roboflow: kt-nyjuw/floor-plan-nnoub),CC BY 4.0,2026-09-06
FP_0753,FP_0753.jpg,CAD,1920,1080,landscape,HIGH,EASY,,NO,YES,Public_Dataset (Roboflow: kt-nyjuw/floor-plan-nnoub),CC BY 4.0,2026-09-06
FP_0754,FP_0754.jpg,CAD,1920,1080,landscape,MEDIUM,EASY,,NO,YES,Public_Dataset (Roboflow: kt-nyjuw/floor-plan-nnoub),CC BY 4.0,2026-09-06
FP_0755,FP_0755.jpg,CAD,1920,1080,landscape,MEDIUM,EASY,,YES,YES,Public_Dataset (Roboflow: kt-nyjuw/floor-plan-nnoub),CC BY 4.0,2026-09-06
FP_0756,FP_0756.jpg,CAD,1920,1080,landscape,LOW,MEDIUM,,NO,YES,Public_Dataset (Roboflow: kt-nyjuw/floor-plan-nnoub),CC BY 4.0,2026-09-06
FP_0757,FP_0757.jpg,CAD,1920,1080,landscape,HIGH,EASY,,NO,YES,Public_Dataset (Roboflow: kt-nyjuw/floor-plan-nnoub),CC BY 4.0,2026-09-06
FP_0758,FP_0758.jpg,CAD,1920,1080,landscape,HIGH,EASY,,YES,YES,Public_Dataset (Roboflow: kt-nyjuw/floor-plan-nnoub),CC BY 4.0,2026-09-06
FP_0759,FP_0759.jpg,CAD,1920,1080,landscape,LOW,MEDIUM,,NO,YES,Public_Dataset (Roboflow: kt-nyjuw/floor-plan-nnoub),CC BY 4.0,2026-09-06
FP_0760,FP_0760.jpg,CAD,1920,1080,landscape,LOW,MEDIUM,,NO,YES,Public_Dataset (Roboflow: kt-nyjuw/floor-plan-nnoub),CC BY 4.0,2026-09-06
FP_0761,FP_0761.jpg,CAD,1920,1080,landscape,LOW,MEDIUM,,NO,YES,Public_Dataset (Roboflow: kt-nyjuw/floor-plan-nnoub),CC BY 4.0,2026-09-06
FP_0762,FP_0762.jpg,CAD,1920,1080,landscape,HIGH,EASY,,NO,YES,Public_Dataset (Roboflow: kt-nyjuw/floor-plan-nnoub),CC BY 4.0,2026-09-06
FP_0763,FP_0763.jpg,CAD,1920,1080,landscape,MEDIUM,EASY,,NO,YES,Public_Dataset (Roboflow: kt-nyjuw/floor-plan-nnoub),CC BY 4.0,2026-09-06
FP_0764,FP_0764.jpg,CAD,1920,1080,landscape,MEDIUM,EASY,,NO,YES,Public_Dataset (Roboflow: kt-nyjuw/floor-plan-nnoub),CC BY 4.0,2026-09-06
FP_0765,FP_0765.jpg,CAD,1920,1080,landscape,LOW,MEDIUM,,YES,YES,Public_Dataset (Roboflow: kt-nyjuw/floor-plan-nnoub),CC BY 4.0,2026-09-06
FP_0766,FP_0766.jpg,CAD,1920,1080,landscape,LOW,MEDIUM,,NO,YES,Public_Dataset (Roboflow: kt-nyjuw/floor-plan-nnoub),CC BY 4.0,2026-09-06
FP_0767,FP_0767.jpg,CAD,1920,1080,landscape,LOW,MEDIUM,,YES,YES,Public_Dataset (Roboflow: kt-nyjuw/floor-plan-nnoub),CC BY 4.0,2026-09-06
FP_0768,FP_0768.jpg,CAD,1920,1080,landscape,HIGH,EASY,,NO,YES,Public_Dataset (Roboflow: kt-nyjuw/floor-plan-nnoub),CC BY 4.0,2026-09-06
FP_0769,FP_0769.jpg,CAD,1920,1080,landscape,MEDIUM,EASY,,NO,YES,Public_Dataset (Roboflow: kt-nyjuw/floor-plan-nnoub),CC BY 4.0,2026-09-06
FP_0770,FP_0770.jpg,CAD,1920,1080,landscape,LOW,MEDIUM,,NO,YES,Public_Dataset (Roboflow: kt-nyjuw/floor-plan-nnoub),CC BY 4.0,2026-09-06
FP_0771,FP_0771.jpg,CAD,1920,1080,landscape,LOW,MEDIUM,,NO,YES,Public_Dataset (Roboflow: kt-nyjuw/floor-plan-nnoub),CC BY 4.0,2026-09-06
FP_0772,FP_0772.jpg,CAD,1920,1080,landscape,LOW,MEDIUM,,NO,YES,Public_Dataset (Roboflow: kt-nyjuw/floor-plan-nnoub),CC BY 4.0,2026-09-06
FP_0773,FP_0773.jpg,CAD,1920,1080,landscape,MEDIUM,EASY,,NO,NO,Public_Dataset (Roboflow: kt-nyjuw/floor-plan-nnoub),CC BY 4.0,2026-09-06
FP_0774,FP_0774.jpg,CAD,1920,1080,landscape,MEDIUM,EASY,,NO,YES,Public_Dataset (Roboflow: kt-nyjuw/floor-plan-nnoub),CC BY 4.0,2026-09-06
FP_0775,FP_0775.jpg,CAD,1920,1080,landscape,MEDIUM,EASY,,NO,YES,Public_Dataset (Roboflow: kt-nyjuw/floor-plan-nnoub),CC BY 4.0,2026-09-06
FP_0776,FP_0776.jpg,CAD,1920,1080,landscape,MEDIUM,EASY,,YES,YES,Public_Dataset (Roboflow: kt-nyjuw/floor-plan-nnoub),CC BY 4.0,2026-09-06
FP_0777,FP_0777.jpg,CAD,1920,1080,landscape,MEDIUM,EASY,,YES,YES,Public_Dataset (Roboflow: kt-nyjuw/floor-plan-nnoub),CC BY 4.0,2026-09-06
FP_0778,FP_0778.jpg,CAD,1920,1080,landscape,MEDIUM,EASY,,NO,YES,Public_Dataset (Roboflow: kt-nyjuw/floor-plan-nnoub),CC BY 4.0,2026-09-06
FP_0779,FP_0779.jpg,CAD,1920,1080,landscape,MEDIUM,EASY,,NO,YES,Public_Dataset (Roboflow: kt-nyjuw/floor-plan-nnoub),CC BY 4.0,2026-09-06
FP_0780,FP_0780.jpg,CAD,1920,1080,landscape,LOW,MEDIUM,,NO,YES,Public_Dataset (Roboflow: kt-nyjuw/floor-plan-nnoub),CC BY 4.0,2026-09-06
FP_0781,FP_0781.jpg,CAD,1920,1080,landscape,LOW,MEDIUM,,NO,YES,Public_Dataset (Roboflow: kt-nyjuw/floor-plan-nnoub),CC BY 4.0,2026-09-06
FP_0782,FP_0782.jpg,CAD,1920,1080,landscape,MEDIUM,EASY,,NO,YES,Public_Dataset (Roboflow: kt-nyjuw/floor-plan-nnoub),CC BY 4.0,2026-09-06
FP_0783,FP_0783.jpg,CAD,1920,1080,landscape,HIGH,EASY,,NO,YES,Public_Dataset (Roboflow: kt-nyjuw/floor-plan-nnoub),CC BY 4.0,2026-09-06
FP_0784,FP_0784.jpg,CAD,1920,1080,landscape,MEDIUM,EASY,,YES,YES,Public_Dataset (Roboflow: kt-nyjuw/floor-plan-nnoub),CC BY 4.0,2026-09-06
FP_0785,FP_0785.jpg,CAD,1920,1080,landscape,MEDIUM,EASY,,YES,YES,Public_Dataset (Roboflow: kt-nyjuw/floor-plan-nnoub),CC BY 4.0,2026-09-06
FP_0786,FP_0786.jpg,CAD,1920,1080,landscape,HIGH,EASY,,NO,YES,Public_Dataset (Roboflow: kt-nyjuw/floor-plan-nnoub),CC BY 4.0,2026-09-06
FP_0787,FP_0787.jpg,CAD,1920,1080,landscape,MEDIUM,EASY,,YES,YES,Public_Dataset (Roboflow: kt-nyjuw/floor-plan-nnoub),CC BY 4.0,2026-09-06
FP_0788,FP_0788.jpg,CAD,1920,1080,landscape,HIGH,EASY,,YES,YES,Public_Dataset (Roboflow: kt-nyjuw/floor-plan-nnoub),CC BY 4.0,2026-09-06
FP_0789,FP_0789.jpg,CAD,1920,1080,landscape,MEDIUM,EASY,,NO,YES,Public_Dataset (Roboflow: kt-nyjuw/floor-plan-nnoub),CC BY 4.0,2026-09-06
FP_0790,FP_0790.jpg,CAD,1920,1080,landscape,LOW,MEDIUM,,NO,YES,Public_Dataset (Roboflow: kt-nyjuw/floor-plan-nnoub),CC BY 4.0,2026-09-06
FP_0791,FP_0791.jpg,CAD,1920,1080,landscape,MEDIUM,EASY,,NO,YES,Public_Dataset (Roboflow: kt-nyjuw/floor-plan-nnoub),CC BY 4.0,2026-09-06
FP_0792,FP_0792.jpg,CAD,1920,1080,landscape,LOW,MEDIUM,,NO,YES,Public_Dataset (Roboflow: kt-nyjuw/floor-plan-nnoub),CC BY 4.0,2026-09-06
FP_0793,FP_0793.jpg,CAD,1920,1080,landscape,MEDIUM,EASY,,NO,YES,Public_Dataset (Roboflow: kt-nyjuw/floor-plan-nnoub),CC BY 4.0,2026-09-06
FP_0794,FP_0794.jpg,CAD,1920,1080,landscape,MEDIUM,EASY,,NO,YES,Public_Dataset (Roboflow: kt-nyjuw/floor-plan-nnoub),CC BY 4.0,2026-09-06
FP_0795,FP_0795.jpg,CAD,1920,1080,landscape,LOW,MEDIUM,,NO,YES,Public_Dataset (Roboflow: kt-nyjuw/floor-plan-nnoub),CC BY 4.0,2026-09-06
FP_0796,FP_0796.jpg,CAD,1920,1080,landscape,LOW,MEDIUM,,NO,YES,Public_Dataset (Roboflow: kt-nyjuw/floor-plan-nnoub),CC BY 4.0,2026-09-06
FP_0797,FP_0797.jpg,CAD,1920,1080,landscape,HIGH,MEDIUM,,NO,YES,Public_Dataset (Roboflow: kt-nyjuw/floor-plan-nnoub),CC BY 4.0,2026-09-06
FP_0798,FP_0798.jpg,CAD,1920,1080,landscape,LOW,MEDIUM,,YES,YES,Public_Dataset (Roboflow: kt-nyjuw/floor-plan-nnoub),CC BY 4.0,2026-09-06
FP_0799,FP_0799.jpg,CAD,1920,1080,landscape,HIGH,MEDIUM,,NO,YES,Public_Dataset (Roboflow: kt-nyjuw/floor-plan-nnoub),CC BY 4.0,2026-09-06
FP_0800,FP_0800.jpg,CAD,1920,1080,landscape,HIGH,EASY,,NO,YES,Public_Dataset (Roboflow: kt-nyjuw/floor-plan-nnoub),CC BY 4.0,2026-09-06
FP_0801,FP_0801.jpg,CAD,1920,1080,landscape,LOW,MEDIUM,,YES,YES,Public_Dataset (Roboflow: kt-nyjuw/floor-plan-nnoub),CC BY 4.0,2026-09-06
FP_0802,FP_0802.jpg,CAD,1920,1080,landscape,LOW,MEDIUM,,NO,YES,Public_Dataset (Roboflow: kt-nyjuw/floor-plan-nnoub),CC BY 4.0,2026-09-06
FP_0803,FP_0803.jpg,CAD,1920,1080,landscape,MEDIUM,HARD,,YES,YES,Public_Dataset (Roboflow: kt-nyjuw/floor-plan-nnoub),CC BY 4.0,2026-09-06
FP_0804,FP_0804.jpg,CAD,1920,1080,landscape,HIGH,EASY,,NO,YES,Public_Dataset (Roboflow: kt-nyjuw/floor-plan-nnoub),CC BY 4.0,2026-09-06
FP_0805,FP_0805.jpg,CAD,1920,1080,landscape,LOW,MEDIUM,,YES,YES,Public_Dataset (Roboflow: kt-nyjuw/floor-plan-nnoub),CC BY 4.0,2026-09-06
FP_0806,FP_0806.jpg,CAD,1920,1080,landscape,HIGH,MEDIUM,,NO,YES,Public_Dataset (Roboflow: kt-nyjuw/floor-plan-nnoub),CC BY 4.0,2026-09-06
FP_0807,FP_0807.jpg,CAD,1920,1080,landscape,MEDIUM,EASY,,YES,YES,Public_Dataset (Roboflow: kt-nyjuw/floor-plan-nnoub),CC BY 4.0,2026-09-06
FP_0808,FP_0808.jpg,CAD,1920,1080,landscape,MEDIUM,EASY,,NO,YES,Public_Dataset (Roboflow: kt-nyjuw/floor-plan-nnoub),CC BY 4.0,2026-09-06
FP_0809,FP_0809.jpg,CAD,1920,1080,landscape,LOW,HARD,,NO,YES,Public_Dataset (Roboflow: kt-nyjuw/floor-plan-nnoub),CC BY 4.0,2026-09-06
FP_0810,FP_0810.jpg,CAD,1920,1080,landscape,LOW,MEDIUM,,NO,NO,Public_Dataset (Roboflow: kt-nyjuw/floor-plan-nnoub),CC BY 4.0,2026-09-06
FP_0811,FP_0811.jpg,CAD,1920,1080,landscape,MEDIUM,EASY,,NO,YES,Public_Dataset (Roboflow: kt-nyjuw/floor-plan-nnoub),CC BY 4.0,2026-09-06
FP_0812,FP_0812.jpg,CAD,1920,1080,landscape,MEDIUM,MEDIUM,,NO,YES,Public_Dataset (Roboflow: kt-nyjuw/floor-plan-nnoub),CC BY 4.0,2026-09-06
FP_0813,FP_0813.jpg,CAD,1920,1080,landscape,LOW,HARD,,NO,YES,Public_Dataset (Roboflow: kt-nyjuw/floor-plan-nnoub),CC BY 4.0,2026-09-06
FP_0814,FP_0814.jpg,CAD,1920,1080,landscape,MEDIUM,EASY,,NO,YES,Public_Dataset (Roboflow: kt-nyjuw/floor-plan-nnoub),CC BY 4.0,2026-09-06
FP_0815,FP_0815.jpg,CAD,1920,1080,landscape,MEDIUM,EASY,,NO,YES,Public_Dataset (Roboflow: kt-nyjuw/floor-plan-nnoub),CC BY 4.0,2026-09-06
FP_0816,FP_0816.jpg,CAD,1920,1080,landscape,LOW,MEDIUM,,NO,YES,Public_Dataset (Roboflow: kt-nyjuw/floor-plan-nnoub),CC BY 4.0,2026-09-06
FP_0817,FP_0817.jpg,CAD,1920,1080,landscape,LOW,HARD,,YES,YES,Public_Dataset (Roboflow: kt-nyjuw/floor-plan-nnoub),CC BY 4.0,2026-09-06
FP_0818,FP_0818.jpg,CAD,1920,1080,landscape,MEDIUM,EASY,,YES,YES,Public_Dataset (Roboflow: kt-nyjuw/floor-plan-nnoub),CC BY 4.0,2026-09-06
FP_0819,FP_0819.jpg,CAD,1920,1080,landscape,MEDIUM,HARD,,NO,YES,Public_Dataset (Roboflow: kt-nyjuw/floor-plan-nnoub),CC BY 4.0,2026-09-06
FP_0820,FP_0820.jpg,CAD,1920,1080,landscape,LOW,MEDIUM,,NO,YES,Public_Dataset (Roboflow: kt-nyjuw/floor-plan-nnoub),CC BY 4.0,2026-09-06
FP_0821,FP_0821.jpg,CAD,1920,1080,landscape,MEDIUM,EASY,,NO,YES,Public_Dataset (Roboflow: kt-nyjuw/floor-plan-nnoub),CC BY 4.0,2026-09-06
FP_0822,FP_0822.jpg,CAD,1920,1080,landscape,MEDIUM,MEDIUM,,NO,YES,Public_Dataset (Roboflow: kt-nyjuw/floor-plan-nnoub),CC BY 4.0,2026-09-06
FP_0823,FP_0823.jpg,CAD,1920,1080,landscape,LOW,HARD,,NO,YES,Public_Dataset (Roboflow: kt-nyjuw/floor-plan-nnoub),CC BY 4.0,2026-09-06
FP_0824,FP_0824.jpg,CAD,1920,1080,landscape,LOW,MEDIUM,,YES,YES,Public_Dataset (Roboflow: kt-nyjuw/floor-plan-nnoub),CC BY 4.0,2026-09-06
FP_0825,FP_0825.jpg,CAD,1920,1080,landscape,LOW,MEDIUM,,NO,YES,Public_Dataset (Roboflow: kt-nyjuw/floor-plan-nnoub),CC BY 4.0,2026-09-06
FP_0826,FP_0826.jpg,CAD,1920,1080,landscape,HIGH,EASY,,YES,YES,Public_Dataset (Roboflow: kt-nyjuw/floor-plan-nnoub),CC BY 4.0,2026-09-06
FP_0827,FP_0827.jpg,CAD,1920,1080,landscape,LOW,HARD,,NO,YES,Public_Dataset (Roboflow: kt-nyjuw/floor-plan-nnoub),CC BY 4.0,2026-09-06
FP_0828,FP_0828.jpg,CAD,1920,1080,landscape,HIGH,EASY,,NO,YES,Public_Dataset (Roboflow: kt-nyjuw/floor-plan-nnoub),CC BY 4.0,2026-09-06
FP_0829,FP_0829.jpg,CAD,1920,1080,landscape,LOW,MEDIUM,,NO,YES,Public_Dataset (Roboflow: kt-nyjuw/floor-plan-nnoub),CC BY 4.0,2026-09-06
FP_0830,FP_0830.jpg,CAD,1920,1080,landscape,LOW,MEDIUM,,NO,YES,Public_Dataset (Roboflow: kt-nyjuw/floor-plan-nnoub),CC BY 4.0,2026-09-06
FP_0831,FP_0831.jpg,CAD,1920,1080,landscape,LOW,MEDIUM,,YES,YES,Public_Dataset (Roboflow: kt-nyjuw/floor-plan-nnoub),CC BY 4.0,2026-09-06
FP_0832,FP_0832.jpg,CAD,1920,1080,landscape,MEDIUM,EASY,,NO,YES,Public_Dataset (Roboflow: kt-nyjuw/floor-plan-nnoub),CC BY 4.0,2026-09-06
FP_0833,FP_0833.jpg,CAD,1920,1080,landscape,HIGH,EASY,,NO,YES,Public_Dataset (Roboflow: kt-nyjuw/floor-plan-nnoub),CC BY 4.0,2026-09-06
FP_0834,FP_0834.jpg,CAD,1920,1080,landscape,LOW,MEDIUM,,NO,YES,Public_Dataset (Roboflow: kt-nyjuw/floor-plan-nnoub),CC BY 4.0,2026-09-06
FP_0835,FP_0835.jpg,CAD,1920,1080,landscape,HIGH,EASY,,NO,YES,Public_Dataset (Roboflow: kt-nyjuw/floor-plan-nnoub),CC BY 4.0,2026-09-06
FP_0836,FP_0836.jpg,CAD,1920,1080,landscape,MEDIUM,EASY,,NO,YES,Public_Dataset (Roboflow: kt-nyjuw/floor-plan-nnoub),CC BY 4.0,2026-09-06
FP_0837,FP_0837.jpg,CAD,1920,1080,landscape,MEDIUM,EASY,,YES,YES,Public_Dataset (Roboflow: kt-nyjuw/floor-plan-nnoub),CC BY 4.0,2026-09-06
FP_0838,FP_0838.jpg,CAD,1920,1080,landscape,MEDIUM,EASY,,NO,NO,Public_Dataset (Roboflow: kt-nyjuw/floor-plan-nnoub),CC BY 4.0,2026-09-06
FP_0839,FP_0839.jpg,CAD,1920,1080,landscape,HIGH,EASY,,YES,YES,Public_Dataset (Roboflow: kt-nyjuw/floor-plan-nnoub),CC BY 4.0,2026-09-06
FP_0840,FP_0840.jpg,CAD,1920,1080,landscape,LOW,MEDIUM,,NO,YES,Public_Dataset (Roboflow: kt-nyjuw/floor-plan-nnoub),CC BY 4.0,2026-09-06
FP_0841,FP_0841.jpg,CAD,1920,1080,landscape,LOW,MEDIUM,,NO,YES,Public_Dataset (Roboflow: kt-nyjuw/floor-plan-nnoub),CC BY 4.0,2026-09-06
FP_0842,FP_0842.jpg,CAD,1920,1080,landscape,LOW,MEDIUM,,YES,YES,Public_Dataset (Roboflow: kt-nyjuw/floor-plan-nnoub),CC BY 4.0,2026-09-06
FP_0843,FP_0843.jpg,CAD,1920,1080,landscape,LOW,MEDIUM,,NO,YES,Public_Dataset (Roboflow: kt-nyjuw/floor-plan-nnoub),CC BY 4.0,2026-09-06
FP_0844,FP_0844.jpg,CAD,1920,1080,landscape,LOW,MEDIUM,,NO,YES,Public_Dataset (Roboflow: kt-nyjuw/floor-plan-nnoub),CC BY 4.0,2026-09-06
FP_0845,FP_0845.jpg,CAD,1920,1080,landscape,HIGH,EASY,,NO,YES,Public_Dataset (Roboflow: kt-nyjuw/floor-plan-nnoub),CC BY 4.0,2026-09-06
FP_0846,FP_0846.jpg,CAD,1920,1080,landscape,LOW,MEDIUM,,YES,YES,Public_Dataset (Roboflow: kt-nyjuw/floor-plan-nnoub),CC BY 4.0,2026-09-06
FP_0847,FP_0847.jpg,CAD,1920,1080,landscape,LOW,MEDIUM,,NO,YES,Public_Dataset (Roboflow: kt-nyjuw/floor-plan-nnoub),CC BY 4.0,2026-09-06
FP_0848,FP_0848.jpg,CAD,1920,1080,landscape,MEDIUM,EASY,,NO,YES,Public_Dataset (Roboflow: kt-nyjuw/floor-plan-nnoub),CC BY 4.0,2026-09-06
FP_0849,FP_0849.jpg,CAD,1920,1080,landscape,LOW,MEDIUM,,NO,YES,Public_Dataset (Roboflow: kt-nyjuw/floor-plan-nnoub),CC BY 4.0,2026-09-06
FP_0850,FP_0850.jpg,CAD,1920,1080,landscape,MEDIUM,EASY,,YES,YES,Public_Dataset (Roboflow: kt-nyjuw/floor-plan-nnoub),CC BY 4.0,2026-09-06
FP_0851,FP_0851.jpg,CAD,1920,1080,landscape,MEDIUM,EASY,,NO,YES,Public_Dataset (Roboflow: kt-nyjuw/floor-plan-nnoub),CC BY 4.0,2026-09-06
FP_0852,FP_0852.jpg,CAD,1920,1080,landscape,HIGH,EASY,,NO,YES,Public_Dataset (Roboflow: kt-nyjuw/floor-plan-nnoub),CC BY 4.0,2026-09-06
FP_0853,FP_0853.jpg,CAD,1920,1080,landscape,MEDIUM,EASY,,YES,YES,Public_Dataset (Roboflow: kt-nyjuw/floor-plan-nnoub),CC BY 4.0,2026-09-06
FP_0854,FP_0854.jpg,CAD,1920,1080,landscape,LOW,HARD,,NO,YES,Public_Dataset (Roboflow: kt-nyjuw/floor-plan-nnoub),CC BY 4.0,2026-09-06
FP_0855,FP_0855.jpg,CAD,1920,1080,landscape,HIGH,EASY,,NO,YES,Public_Dataset (Roboflow: kt-nyjuw/floor-plan-nnoub),CC BY 4.0,2026-09-06
FP_0856,FP_0856.jpg,CAD,1920,1080,landscape,LOW,MEDIUM,,NO,YES,Public_Dataset (Roboflow: kt-nyjuw/floor-plan-nnoub),CC BY 4.0,2026-09-06
FP_0857,FP_0857.jpg,CAD,1920,1080,landscape,MEDIUM,EASY,,NO,YES,Public_Dataset (Roboflow: kt-nyjuw/floor-plan-nnoub),CC BY 4.0,2026-09-06
FP_0858,FP_0858.jpg,CAD,1920,1080,landscape,LOW,MEDIUM,,YES,YES,Public_Dataset (Roboflow: kt-nyjuw/floor-plan-nnoub),CC BY 4.0,2026-09-06
FP_0859,FP_0859.jpg,CAD,1920,1080,landscape,HIGH,EASY,,YES,YES,Public_Dataset (Roboflow: kt-nyjuw/floor-plan-nnoub),CC BY 4.0,2026-09-06
FP_0860,FP_0860.jpg,CAD,1920,1080,landscape,MEDIUM,EASY,,NO,YES,Public_Dataset (Roboflow: kt-nyjuw/floor-plan-nnoub),CC BY 4.0,2026-09-06
FP_0861,FP_0861.jpg,CAD,1920,1080,landscape,HIGH,EASY,,YES,YES,Public_Dataset (Roboflow: kt-nyjuw/floor-plan-nnoub),CC BY 4.0,2026-09-06
FP_0862,FP_0862.jpg,CAD,1920,1080,landscape,MEDIUM,EASY,,NO,YES,Public_Dataset (Roboflow: kt-nyjuw/floor-plan-nnoub),CC BY 4.0,2026-09-06
FP_0863,FP_0863.jpg,CAD,1920,1080,landscape,LOW,HARD,,YES,YES,Public_Dataset (Roboflow: kt-nyjuw/floor-plan-nnoub),CC BY 4.0,2026-09-06
FP_0864,FP_0864.jpg,CAD,1920,1080,landscape,LOW,MEDIUM,,YES,YES,Public_Dataset (Roboflow: kt-nyjuw/floor-plan-nnoub),CC BY 4.0,2026-09-06
FP_0865,FP_0865.jpg,CAD,1920,1080,landscape,MEDIUM,EASY,,NO,YES,Public_Dataset (Roboflow: kt-nyjuw/floor-plan-nnoub),CC BY 4.0,2026-09-06
FP_0866,FP_0866.jpg,CAD,1920,1080,landscape,HIGH,EASY,,NO,YES,Public_Dataset (Roboflow: kt-nyjuw/floor-plan-nnoub),CC BY 4.0,2026-09-06
FP_0867,FP_0867.jpg,CAD,1920,1080,landscape,HIGH,MEDIUM,,YES,YES,Public_Dataset (Roboflow: kt-nyjuw/floor-plan-nnoub),CC BY 4.0,2026-09-06
FP_0868,FP_0868.jpg,CAD,1920,1080,landscape,LOW,MEDIUM,,NO,YES,Public_Dataset (Roboflow: kt-nyjuw/floor-plan-nnoub),CC BY 4.0,2026-09-06
FP_0869,FP_0869.jpg,CAD,1920,1080,landscape,LOW,MEDIUM,,NO,NO,Public_Dataset (Roboflow: kt-nyjuw/floor-plan-nnoub),CC BY 4.0,2026-09-06
FP_0870,FP_0870.jpg,CAD,1920,1080,landscape,LOW,MEDIUM,,YES,YES,Public_Dataset (Roboflow: kt-nyjuw/floor-plan-nnoub),CC BY 4.0,2026-09-06
FP_0871,FP_0871.jpg,CAD,1920,1080,landscape,LOW,MEDIUM,,NO,YES,Public_Dataset (Roboflow: kt-nyjuw/floor-plan-nnoub),CC BY 4.0,2026-09-06
FP_0872,FP_0872.jpg,CAD,1920,1080,landscape,LOW,MEDIUM,,NO,YES,Public_Dataset (Roboflow: kt-nyjuw/floor-plan-nnoub),CC BY 4.0,2026-09-06
FP_0873,FP_0873.jpg,CAD,1920,1080,landscape,HIGH,EASY,,NO,YES,Public_Dataset (Roboflow: kt-nyjuw/floor-plan-nnoub),CC BY 4.0,2026-09-06
FP_0874,FP_0874.jpg,CAD,1920,1080,landscape,MEDIUM,EASY,,YES,YES,Public_Dataset (Roboflow: kt-nyjuw/floor-plan-nnoub),CC BY 4.0,2026-09-06
FP_0875,FP_0875.jpg,CAD,1920,1080,landscape,HIGH,EASY,,NO,YES,Public_Dataset (Roboflow: kt-nyjuw/floor-plan-nnoub),CC BY 4.0,2026-09-06
FP_0876,FP_0876.jpg,CAD,1920,1080,landscape,HIGH,EASY,,NO,YES,Public_Dataset (Roboflow: kt-nyjuw/floor-plan-nnoub),CC BY 4.0,2026-09-06
FP_0877,FP_0877.jpg,CAD,1920,1080,landscape,MEDIUM,EASY,,NO,YES,Public_Dataset (Roboflow: kt-nyjuw/floor-plan-nnoub),CC BY 4.0,2026-09-06
FP_0878,FP_0878.jpg,CAD,1920,1080,landscape,MEDIUM,EASY,,NO,YES,Public_Dataset (Roboflow: kt-nyjuw/floor-plan-nnoub),CC BY 4.0,2026-09-06
FP_0879,FP_0879.jpg,CAD,1920,1080,landscape,LOW,MEDIUM,,NO,YES,Public_Dataset (Roboflow: kt-nyjuw/floor-plan-nnoub),CC BY 4.0,2026-09-06
FP_0880,FP_0880.jpg,CAD,1920,1080,landscape,LOW,MEDIUM,,YES,YES,Public_Dataset (Roboflow: kt-nyjuw/floor-plan-nnoub),CC BY 4.0,2026-09-06
FP_0881,FP_0881.jpg,CAD,1920,1080,landscape,MEDIUM,EASY,,NO,YES,Public_Dataset (Roboflow: kt-nyjuw/floor-plan-nnoub),CC BY 4.0,2026-09-06
FP_0882,FP_0882.jpg,CAD,1920,1080,landscape,LOW,MEDIUM,,YES,YES,Public_Dataset (Roboflow: kt-nyjuw/floor-plan-nnoub),CC BY 4.0,2026-09-06
FP_0883,FP_0883.jpg,CAD,1920,1080,landscape,LOW,MEDIUM,,YES,YES,Public_Dataset (Roboflow: kt-nyjuw/floor-plan-nnoub),CC BY 4.0,2026-09-06
FP_0884,FP_0884.jpg,CAD,1920,1080,landscape,MEDIUM,MEDIUM,,NO,YES,Public_Dataset (Roboflow: kt-nyjuw/floor-plan-nnoub),CC BY 4.0,2026-09-06
FP_0885,FP_0885.jpg,CAD,1920,1080,landscape,HIGH,EASY,,NO,YES,Public_Dataset (Roboflow: kt-nyjuw/floor-plan-nnoub),CC BY 4.0,2026-09-06
FP_0886,FP_0886.jpg,CAD,1920,1080,landscape,HIGH,EASY,,YES,YES,Public_Dataset (Roboflow: kt-nyjuw/floor-plan-nnoub),CC BY 4.0,2026-09-06
FP_0887,FP_0887.jpg,CAD,1920,1080,landscape,MEDIUM,EASY,,YES,YES,Public_Dataset (Roboflow: kt-nyjuw/floor-plan-nnoub),CC BY 4.0,2026-09-06
FP_0888,FP_0888.jpg,CAD,1920,1080,landscape,LOW,HARD,,NO,YES,Public_Dataset (Roboflow: kt-nyjuw/floor-plan-nnoub),CC BY 4.0,2026-09-06
FP_0889,FP_0889.jpg,CAD,1920,1080,landscape,LOW,MEDIUM,,NO,YES,Public_Dataset (Roboflow: kt-nyjuw/floor-plan-nnoub),CC BY 4.0,2026-09-06
FP_0890,FP_0890.jpg,CAD,1920,1080,landscape,LOW,MEDIUM,,NO,YES,Public_Dataset (Roboflow: kt-nyjuw/floor-plan-nnoub),CC BY 4.0,2026-09-06
FP_0891,FP_0891.jpg,CAD,1920,1080,landscape,HIGH,EASY,,YES,YES,Public_Dataset (Roboflow: kt-nyjuw/floor-plan-nnoub),CC BY 4.0,2026-09-06
FP_0892,FP_0892.jpg,CAD,1920,1080,landscape,HIGH,EASY,,NO,YES,Public_Dataset (Roboflow: kt-nyjuw/floor-plan-nnoub),CC BY 4.0,2026-09-06
FP_0893,FP_0893.jpg,CAD,1920,1080,landscape,HIGH,EASY,,YES,YES,Public_Dataset (Roboflow: kt-nyjuw/floor-plan-nnoub),CC BY 4.0,2026-09-06
FP_0894,FP_0894.jpg,CAD,1920,1080,landscape,HIGH,EASY,,YES,YES,Public_Dataset (Roboflow: kt-nyjuw/floor-plan-nnoub),CC BY 4.0,2026-09-06
FP_0895,FP_0895.jpg,CAD,1920,1080,landscape,HIGH,EASY,,YES,YES,Public_Dataset (Roboflow: kt-nyjuw/floor-plan-nnoub),CC BY 4.0,2026-09-06
FP_0896,FP_0896.jpg,CAD,1920,1080,landscape,LOW,MEDIUM,,NO,YES,Public_Dataset (Roboflow: kt-nyjuw/floor-plan-nnoub),CC BY 4.0,2026-09-06
FP_0897,FP_0897.jpg,CAD,1920,1080,landscape,HIGH,EASY,,NO,YES,Public_Dataset (Roboflow: kt-nyjuw/floor-plan-nnoub),CC BY 4.0,2026-09-06
FP_0898,FP_0898.jpg,CAD,1920,1080,landscape,LOW,MEDIUM,,NO,YES,Public_Dataset (Roboflow: kt-nyjuw/floor-plan-nnoub),CC BY 4.0,2026-09-06
FP_0899,FP_0899.jpg,CAD,1920,1080,landscape,LOW,MEDIUM,,NO,YES,Public_Dataset (Roboflow: kt-nyjuw/floor-plan-nnoub),CC BY 4.0,2026-09-06
FP_0900,FP_0900.jpg,CAD,1920,1080,landscape,LOW,MEDIUM,,NO,YES,Public_Dataset (Roboflow: kt-nyjuw/floor-plan-nnoub),CC BY 4.0,2026-09-06
FP_0901,FP_0901.jpg,CAD,1920,1080,landscape,LOW,MEDIUM,,YES,YES,Public_Dataset (Roboflow: kt-nyjuw/floor-plan-nnoub),CC BY 4.0,2026-09-06
FP_0902,FP_0902.jpg,CAD,1920,1080,landscape,LOW,MEDIUM,,YES,YES,Public_Dataset (Roboflow: kt-nyjuw/floor-plan-nnoub),CC BY 4.0,2026-09-06
FP_0903,FP_0903.jpg,CAD,1920,1080,landscape,LOW,MEDIUM,,NO,YES,Public_Dataset (Roboflow: kt-nyjuw/floor-plan-nnoub),CC BY 4.0,2026-09-06
FP_0904,FP_0904.jpg,CAD,1920,1080,landscape,HIGH,EASY,,YES,YES,Public_Dataset (Roboflow: kt-nyjuw/floor-plan-nnoub),CC BY 4.0,2026-09-06
FP_0905,FP_0905.jpg,CAD,1920,1080,landscape,HIGH,MEDIUM,,YES,YES,Public_Dataset (Roboflow: kt-nyjuw/floor-plan-nnoub),CC BY 4.0,2026-09-06
FP_0906,FP_0906.jpg,CAD,1920,1080,landscape,LOW,MEDIUM,,NO,YES,Public_Dataset (Roboflow: kt-nyjuw/floor-plan-nnoub),CC BY 4.0,2026-09-06
FP_0907,FP_0907.jpg,CAD,1920,1080,landscape,LOW,MEDIUM,,NO,YES,Public_Dataset (Roboflow: kt-nyjuw/floor-plan-nnoub),CC BY 4.0,2026-09-06
FP_0908,FP_0908.jpg,CAD,1920,1080,landscape,MEDIUM,MEDIUM,,YES,YES,Public_Dataset (Roboflow: kt-nyjuw/floor-plan-nnoub),CC BY 4.0,2026-09-06
FP_0909,FP_0909.jpg,CAD,1920,1080,landscape,HIGH,EASY,,YES,YES,Public_Dataset (Roboflow: kt-nyjuw/floor-plan-nnoub),CC BY 4.0,2026-09-06
FP_0910,FP_0910.jpg,CAD,1920,1080,landscape,LOW,MEDIUM,,NO,YES,Public_Dataset (Roboflow: kt-nyjuw/floor-plan-nnoub),CC BY 4.0,2026-09-06
FP_0911,FP_0911.jpg,CAD,1920,1080,landscape,LOW,MEDIUM,,NO,YES,Public_Dataset (Roboflow: kt-nyjuw/floor-plan-nnoub),CC BY 4.0,2026-09-06
FP_0912,FP_0912.jpg,CAD,1920,1080,landscape,MEDIUM,EASY,,YES,YES,Public_Dataset (Roboflow: kt-nyjuw/floor-plan-nnoub),CC BY 4.0,2026-09-06
FP_0913,FP_0913.jpg,CAD,1920,1080,landscape,LOW,MEDIUM,,YES,YES,Public_Dataset (Roboflow: kt-nyjuw/floor-plan-nnoub),CC BY 4.0,2026-09-06
FP_0914,FP_0914.jpg,CAD,1920,1080,landscape,HIGH,MEDIUM,,YES,YES,Public_Dataset (Roboflow: kt-nyjuw/floor-plan-nnoub),CC BY 4.0,2026-09-06
FP_0915,FP_0915.jpg,CAD,1920,1080,landscape,MEDIUM,EASY,,NO,YES,Public_Dataset (Roboflow: kt-nyjuw/floor-plan-nnoub),CC BY 4.0,2026-09-06
FP_0916,FP_0916.jpg,CAD,1920,1080,landscape,MEDIUM,EASY,,NO,YES,Public_Dataset (Roboflow: kt-nyjuw/floor-plan-nnoub),CC BY 4.0,2026-09-06
FP_0917,FP_0917.jpg,CAD,1920,1080,landscape,MEDIUM,MEDIUM,,YES,YES,Public_Dataset (Roboflow: kt-nyjuw/floor-plan-nnoub),CC BY 4.0,2026-09-06
FP_0918,FP_0918.jpg,CAD,1920,1080,landscape,LOW,MEDIUM,,NO,YES,Public_Dataset (Roboflow: kt-nyjuw/floor-plan-nnoub),CC BY 4.0,2026-09-06
FP_0919,FP_0919.jpg,CAD,1920,1080,landscape,LOW,MEDIUM,,NO,YES,Public_Dataset (Roboflow: kt-nyjuw/floor-plan-nnoub),CC BY 4.0,2026-09-06
FP_0920,FP_0920.jpg,CAD,1920,1080,landscape,LOW,MEDIUM,,NO,YES,Public_Dataset (Roboflow: kt-nyjuw/floor-plan-nnoub),CC BY 4.0,2026-09-06
FP_0921,FP_0921.jpg,CAD,1920,1080,landscape,LOW,HARD,,NO,NO,Public_Dataset (Roboflow: kt-nyjuw/floor-plan-nnoub),CC BY 4.0,2026-09-06
FP_0922,FP_0922.jpg,CAD,1920,1080,landscape,LOW,MEDIUM,,YES,YES,Public_Dataset (Roboflow: kt-nyjuw/floor-plan-nnoub),CC BY 4.0,2026-09-06
FP_0923,FP_0923.jpg,CAD,1920,1080,landscape,LOW,MEDIUM,,NO,NO,Public_Dataset (Roboflow: kt-nyjuw/floor-plan-nnoub),CC BY 4.0,2026-09-06
FP_0924,FP_0924.jpg,CAD,1920,1080,landscape,LOW,HARD,,YES,YES,Public_Dataset (Roboflow: kt-nyjuw/floor-plan-nnoub),CC BY 4.0,2026-09-06
FP_0925,FP_0925.jpg,CAD,1920,1080,landscape,LOW,MEDIUM,,NO,YES,Public_Dataset (Roboflow: kt-nyjuw/floor-plan-nnoub),CC BY 4.0,2026-09-06
FP_0926,FP_0926.jpg,CAD,1920,1080,landscape,LOW,MEDIUM,,NO,YES,Public_Dataset (Roboflow: kt-nyjuw/floor-plan-nnoub),CC BY 4.0,2026-09-06
FP_0927,FP_0927.jpg,CAD,1920,1080,landscape,LOW,HARD,,NO,YES,Public_Dataset (Roboflow: kt-nyjuw/floor-plan-nnoub),CC BY 4.0,2026-09-06
FP_0928,FP_0928.jpg,CAD,1920,1080,landscape,HIGH,EASY,,NO,YES,Public_Dataset (Roboflow: kt-nyjuw/floor-plan-nnoub),CC BY 4.0,2026-09-06
FP_0929,FP_0929.jpg,CAD,1920,1080,landscape,HIGH,MEDIUM,,YES,YES,Public_Dataset (Roboflow: kt-nyjuw/floor-plan-nnoub),CC BY 4.0,2026-09-06
FP_0930,FP_0930.jpg,CAD,1920,1080,landscape,LOW,MEDIUM,,NO,YES,Public_Dataset (Roboflow: kt-nyjuw/floor-plan-nnoub),CC BY 4.0,2026-09-06
FP_0931,FP_0931.jpg,CAD,1920,1080,landscape,MEDIUM,EASY,,NO,YES,Public_Dataset (Roboflow: kt-nyjuw/floor-plan-nnoub),CC BY 4.0,2026-09-06
FP_0932,FP_0932.jpg,CAD,1920,1080,landscape,LOW,MEDIUM,,NO,YES,Public_Dataset (Roboflow: kt-nyjuw/floor-plan-nnoub),CC BY 4.0,2026-09-06
FP_0933,FP_0933.jpg,CAD,1920,1080,landscape,LOW,HARD,,NO,YES,Public_Dataset (Roboflow: kt-nyjuw/floor-plan-nnoub),CC BY 4.0,2026-09-06
FP_0934,FP_0934.jpg,CAD,1920,1080,landscape,MEDIUM,MEDIUM,,YES,YES,Public_Dataset (Roboflow: kt-nyjuw/floor-plan-nnoub),CC BY 4.0,2026-09-06
FP_0935,FP_0935.jpg,CAD,1920,1080,landscape,HIGH,MEDIUM,,NO,YES,Public_Dataset (Roboflow: kt-nyjuw/floor-plan-nnoub),CC BY 4.0,2026-09-06
FP_0936,FP_0936.jpg,CAD,1920,1080,landscape,LOW,MEDIUM,,NO,YES,Public_Dataset (Roboflow: kt-nyjuw/floor-plan-nnoub),CC BY 4.0,2026-09-06
FP_0937,FP_0937.jpg,CAD,1920,1080,landscape,LOW,MEDIUM,,YES,YES,Public_Dataset (Roboflow: kt-nyjuw/floor-plan-nnoub),CC BY 4.0,2026-09-06
FP_0938,FP_0938.jpg,CAD,1920,1080,landscape,LOW,MEDIUM,,NO,YES,Public_Dataset (Roboflow: kt-nyjuw/floor-plan-nnoub),CC BY 4.0,2026-09-06
FP_0939,FP_0939.jpg,CAD,1920,1080,landscape,LOW,MEDIUM,,NO,YES,Public_Dataset (Roboflow: kt-nyjuw/floor-plan-nnoub),CC BY 4.0,2026-09-06
FP_0940,FP_0940.jpg,CAD,1920,1080,landscape,LOW,MEDIUM,,NO,YES,Public_Dataset (Roboflow: kt-nyjuw/floor-plan-nnoub),CC BY 4.0,2026-09-06
FP_0941,FP_0941.jpg,CAD,1920,1080,landscape,LOW,MEDIUM,,NO,YES,Public_Dataset (Roboflow: kt-nyjuw/floor-plan-nnoub),CC BY 4.0,2026-09-06
FP_0942,FP_0942.jpg,CAD,1920,1080,landscape,LOW,MEDIUM,,NO,YES,Public_Dataset (Roboflow: kt-nyjuw/floor-plan-nnoub),CC BY 4.0,2026-09-06
FP_0943,FP_0943.jpg,CAD,1920,1080,landscape,LOW,HARD,,NO,YES,Public_Dataset (Roboflow: kt-nyjuw/floor-plan-nnoub),CC BY 4.0,2026-09-06
FP_0944,FP_0944.jpg,CAD,1920,1080,landscape,LOW,MEDIUM,,NO,YES,Public_Dataset (Roboflow: kt-nyjuw/floor-plan-nnoub),CC BY 4.0,2026-09-06
FP_0945,FP_0945.jpg,CAD,1920,1080,landscape,LOW,MEDIUM,,NO,NO,Public_Dataset (Roboflow: kt-nyjuw/floor-plan-nnoub),CC BY 4.0,2026-09-06
FP_0946,FP_0946.jpg,CAD,1920,1080,landscape,LOW,MEDIUM,,NO,YES,Public_Dataset (Roboflow: kt-nyjuw/floor-plan-nnoub),CC BY 4.0,2026-09-06
FP_0947,FP_0947.jpg,CAD,1920,1080,landscape,LOW,MEDIUM,,NO,YES,Public_Dataset (Roboflow: kt-nyjuw/floor-plan-nnoub),CC BY 4.0,2026-09-06
FP_0948,FP_0948.jpg,CAD,1920,1080,landscape,LOW,MEDIUM,,NO,YES,Public_Dataset (Roboflow: kt-nyjuw/floor-plan-nnoub),CC BY 4.0,2026-09-06
FP_0949,FP_0949.jpg,CAD,1920,1080,landscape,LOW,MEDIUM,,YES,YES,Public_Dataset (Roboflow: kt-nyjuw/floor-plan-nnoub),CC BY 4.0,2026-09-06
FP_0950,FP_0950.jpg,CAD,1920,1080,landscape,LOW,HARD,,NO,YES,Public_Dataset (Roboflow: kt-nyjuw/floor-plan-nnoub),CC BY 4.0,2026-09-06
FP_0951,FP_0951.jpg,CAD,1920,1080,landscape,LOW,MEDIUM,,NO,YES,Public_Dataset (Roboflow: kt-nyjuw/floor-plan-nnoub),CC BY 4.0,2026-09-06
FP_0952,FP_0952.jpg,CAD,1920,1080,landscape,LOW,MEDIUM,,NO,YES,Public_Dataset (Roboflow: kt-nyjuw/floor-plan-nnoub),CC BY 4.0,2026-09-06
FP_0953,FP_0953.jpg,CAD,1920,1080,landscape,LOW,MEDIUM,,YES,YES,Public_Dataset (Roboflow: kt-nyjuw/floor-plan-nnoub),CC BY 4.0,2026-09-06
FP_0954,FP_0954.jpg,CAD,1920,1080,landscape,LOW,MEDIUM,,NO,YES,Public_Dataset (Roboflow: kt-nyjuw/floor-plan-nnoub),CC BY 4.0,2026-09-06
FP_0955,FP_0955.jpg,CAD,1920,1080,landscape,LOW,HARD,,NO,YES,Public_Dataset (Roboflow: kt-nyjuw/floor-plan-nnoub),CC BY 4.0,2026-09-06
FP_0956,FP_0956.jpg,CAD,1920,1080,landscape,HIGH,MEDIUM,,YES,YES,Public_Dataset (Roboflow: kt-nyjuw/floor-plan-nnoub),CC BY 4.0,2026-09-06
FP_0957,FP_0957.jpg,CAD,1920,1080,landscape,LOW,MEDIUM,,YES,YES,Public_Dataset (Roboflow: kt-nyjuw/floor-plan-nnoub),CC BY 4.0,2026-09-06
FP_0958,FP_0958.jpg,CAD,1920,1080,landscape,LOW,MEDIUM,,NO,YES,Public_Dataset (Roboflow: kt-nyjuw/floor-plan-nnoub),CC BY 4.0,2026-09-06
FP_0959,FP_0959.jpg,CAD,1920,1080,landscape,LOW,MEDIUM,,NO,YES,Public_Dataset (Roboflow: kt-nyjuw/floor-plan-nnoub),CC BY 4.0,2026-09-06
FP_0960,FP_0960.jpg,CAD,1920,1080,landscape,HIGH,MEDIUM,,YES,YES,Public_Dataset (Roboflow: kt-nyjuw/floor-plan-nnoub),CC BY 4.0,2026-09-06
FP_0961,FP_0961.jpg,CAD,1920,1080,landscape,LOW,MEDIUM,,NO,YES,Public_Dataset (Roboflow: kt-nyjuw/floor-plan-nnoub),CC BY 4.0,2026-09-06
FP_0962,FP_0962.jpg,CAD,1920,1080,landscape,LOW,MEDIUM,,YES,YES,Public_Dataset (Roboflow: kt-nyjuw/floor-plan-nnoub),CC BY 4.0,2026-09-06
FP_0963,FP_0963.jpg,CAD,1920,1080,landscape,LOW,MEDIUM,,NO,YES,Public_Dataset (Roboflow: kt-nyjuw/floor-plan-nnoub),CC BY 4.0,2026-09-06
FP_0964,FP_0964.jpg,CAD,1920,1080,landscape,LOW,MEDIUM,,NO,YES,Public_Dataset (Roboflow: kt-nyjuw/floor-plan-nnoub),CC BY 4.0,2026-09-06
FP_0965,FP_0965.jpg,CAD,1920,1080,landscape,LOW,HARD,,NO,YES,Public_Dataset (Roboflow: kt-nyjuw/floor-plan-nnoub),CC BY 4.0,2026-09-06
FP_0966,FP_0966.jpg,CAD,1920,1080,landscape,LOW,HARD,,NO,YES,Public_Dataset (Roboflow: kt-nyjuw/floor-plan-nnoub),CC BY 4.0,2026-09-06
FP_0967,FP_0967.jpg,CAD,1920,1080,landscape,MEDIUM,EASY,,NO,YES,Public_Dataset (Roboflow: kt-nyjuw/floor-plan-nnoub),CC BY 4.0,2026-09-06
FP_0968,FP_0968.jpg,CAD,1920,1080,landscape,LOW,MEDIUM,,YES,YES,Public_Dataset (Roboflow: kt-nyjuw/floor-plan-nnoub),CC BY 4.0,2026-09-06
FP_0969,FP_0969.jpg,CAD,1920,1080,landscape,MEDIUM,MEDIUM,,YES,YES,Public_Dataset (Roboflow: kt-nyjuw/floor-plan-nnoub),CC BY 4.0,2026-09-06
FP_0970,FP_0970.jpg,CAD,1920,1080,landscape,LOW,MEDIUM,,NO,YES,Public_Dataset (Roboflow: kt-nyjuw/floor-plan-nnoub),CC BY 4.0,2026-09-06
FP_0971,FP_0971.jpg,CAD,1920,1080,landscape,MEDIUM,MEDIUM,,YES,YES,Public_Dataset (Roboflow: kt-nyjuw/floor-plan-nnoub),CC BY 4.0,2026-09-06
FP_0972,FP_0972.jpg,CAD,1920,1080,landscape,LOW,MEDIUM,,NO,YES,Public_Dataset (Roboflow: kt-nyjuw/floor-plan-nnoub),CC BY 4.0,2026-09-06
FP_0973,FP_0973.jpg,CAD,1920,1080,landscape,HIGH,EASY,,NO,YES,Public_Dataset (Roboflow: kt-nyjuw/floor-plan-nnoub),CC BY 4.0,2026-09-06
FP_0974,FP_0974.jpg,CAD,1920,1080,landscape,LOW,MEDIUM,,YES,YES,Public_Dataset (Roboflow: kt-nyjuw/floor-plan-nnoub),CC BY 4.0,2026-09-06
FP_0975,FP_0975.jpg,CAD,1920,1080,landscape,LOW,MEDIUM,,NO,YES,Public_Dataset (Roboflow: kt-nyjuw/floor-plan-nnoub),CC BY 4.0,2026-09-06
FP_0976,FP_0976.jpg,CAD,1920,1080,landscape,LOW,MEDIUM,,NO,YES,Public_Dataset (Roboflow: kt-nyjuw/floor-plan-nnoub),CC BY 4.0,2026-09-06
FP_0977,FP_0977.jpg,CAD,1920,1080,landscape,LOW,HARD,,NO,YES,Public_Dataset (Roboflow: kt-nyjuw/floor-plan-nnoub),CC BY 4.0,2026-09-06
FP_0978,FP_0978.jpg,CAD,1920,1080,landscape,HIGH,MEDIUM,,NO,YES,Public_Dataset (Roboflow: kt-nyjuw/floor-plan-nnoub),CC BY 4.0,2026-09-06
FP_0979,FP_0979.jpg,CAD,1920,1080,landscape,MEDIUM,EASY,,NO,YES,Public_Dataset (Roboflow: kt-nyjuw/floor-plan-nnoub),CC BY 4.0,2026-09-06
FP_0980,FP_0980.jpg,CAD,1920,1080,landscape,LOW,MEDIUM,,NO,YES,Public_Dataset (Roboflow: kt-nyjuw/floor-plan-nnoub),CC BY 4.0,2026-09-06
FP_0981,FP_0981.jpg,CAD,1920,1080,landscape,LOW,MEDIUM,,NO,YES,Public_Dataset (Roboflow: kt-nyjuw/floor-plan-nnoub),CC BY 4.0,2026-09-06
FP_0982,FP_0982.jpg,CAD,1920,1080,landscape,LOW,MEDIUM,,NO,YES,Public_Dataset (Roboflow: kt-nyjuw/floor-plan-nnoub),CC BY 4.0,2026-09-06
FP_0983,FP_0983.jpg,CAD,1920,1080,landscape,LOW,MEDIUM,,NO,YES,Public_Dataset (Roboflow: kt-nyjuw/floor-plan-nnoub),CC BY 4.0,2026-09-06
FP_0984,FP_0984.jpg,CAD,1920,1080,landscape,LOW,MEDIUM,,NO,NO,Public_Dataset (Roboflow: kt-nyjuw/floor-plan-nnoub),CC BY 4.0,2026-09-06
FP_0985,FP_0985.jpg,CAD,1920,1080,landscape,LOW,MEDIUM,,YES,YES,Public_Dataset (Roboflow: kt-nyjuw/floor-plan-nnoub),CC BY 4.0,2026-09-06
FP_0986,FP_0986.jpg,CAD,1920,1080,landscape,MEDIUM,EASY,,NO,YES,Public_Dataset (Roboflow: kt-nyjuw/floor-plan-nnoub),CC BY 4.0,2026-09-06
FP_0987,FP_0987.jpg,CAD,1920,1080,landscape,LOW,MEDIUM,,NO,NO,Public_Dataset (Roboflow: kt-nyjuw/floor-plan-nnoub),CC BY 4.0,2026-09-06
FP_0988,FP_0988.jpg,CAD,1920,1080,landscape,MEDIUM,MEDIUM,,NO,YES,Public_Dataset (Roboflow: kt-nyjuw/floor-plan-nnoub),CC BY 4.0,2026-09-06
FP_0989,FP_0989.jpg,CAD,1920,1080,landscape,LOW,MEDIUM,,NO,YES,Public_Dataset (Roboflow: kt-nyjuw/floor-plan-nnoub),CC BY 4.0,2026-09-06
FP_0990,FP_0990.jpg,CAD,1920,1080,landscape,LOW,MEDIUM,,NO,YES,Public_Dataset (Roboflow: kt-nyjuw/floor-plan-nnoub),CC BY 4.0,2026-09-06
FP_0991,FP_0991.jpg,CAD,1920,1080,landscape,LOW,MEDIUM,,YES,YES,Public_Dataset (Roboflow: kt-nyjuw/floor-plan-nnoub),CC BY 4.0,2026-09-06
FP_0992,FP_0992.jpg,CAD,1920,1080,landscape,MEDIUM,MEDIUM,,NO,YES,Public_Dataset (Roboflow: kt-nyjuw/floor-plan-nnoub),CC BY 4.0,2026-09-06
FP_0993,FP_0993.jpg,CAD,1920,1080,landscape,MEDIUM,EASY,,YES,YES,Public_Dataset (Roboflow: kt-nyjuw/floor-plan-nnoub),CC BY 4.0,2026-09-06
FP_0994,FP_0994.jpg,CAD,1920,1080,landscape,LOW,MEDIUM,,NO,YES,Public_Dataset (Roboflow: kt-nyjuw/floor-plan-nnoub),CC BY 4.0,2026-09-06
FP_0995,FP_0995.jpg,CAD,1920,1080,landscape,LOW,MEDIUM,,NO,YES,Public_Dataset (Roboflow: kt-nyjuw/floor-plan-nnoub),CC BY 4.0,2026-09-06
FP_0996,FP_0996.jpg,CAD,1920,1080,landscape,MEDIUM,MEDIUM,,YES,YES,Public_Dataset (Roboflow: kt-nyjuw/floor-plan-nnoub),CC BY 4.0,2026-09-06
FP_0997,FP_0997.jpg,CAD,1920,1080,landscape,LOW,MEDIUM,,NO,YES,Public_Dataset (Roboflow: kt-nyjuw/floor-plan-nnoub),CC BY 4.0,2026-09-06
FP_0998,FP_0998.jpg,CAD,1920,1080,landscape,LOW,MEDIUM,,NO,NO,Public_Dataset (Roboflow: kt-nyjuw/floor-plan-nnoub),CC BY 4.0,2026-09-06
FP_0999,FP_0999.jpg,CAD,1920,1080,landscape,LOW,MEDIUM,,NO,NO,Public_Dataset (Roboflow: kt-nyjuw/floor-plan-nnoub),CC BY 4.0,2026-09-06
FP_1000,FP_1000.jpg,CAD,1920,1080,landscape,LOW,MEDIUM,,YES,YES,Public_Dataset (Roboflow: kt-nyjuw/floor-plan-nnoub),CC BY 4.0,2026-09-06
FP_1001,FP_1001.jpg,CAD,1920,1080,landscape,LOW,MEDIUM,,NO,YES,Public_Dataset (Roboflow: kt-nyjuw/floor-plan-nnoub),CC BY 4.0,2026-09-06
FP_1002,FP_1002.jpg,CAD,1920,1080,landscape,LOW,MEDIUM,,NO,YES,Public_Dataset (Roboflow: kt-nyjuw/floor-plan-nnoub),CC BY 4.0,2026-09-06
FP_1003,FP_1003.jpg,CAD,1920,1080,landscape,LOW,HARD,,NO,YES,Public_Dataset (Roboflow: kt-nyjuw/floor-plan-nnoub),CC BY 4.0,2026-09-06
FP_1004,FP_1004.jpg,CAD,1920,1080,landscape,LOW,MEDIUM,,NO,YES,Public_Dataset (Roboflow: kt-nyjuw/floor-plan-nnoub),CC BY 4.0,2026-09-06
FP_1005,FP_1005.jpg,CAD,1920,1080,landscape,LOW,MEDIUM,,YES,YES,Public_Dataset (Roboflow: kt-nyjuw/floor-plan-nnoub),CC BY 4.0,2026-09-06
FP_1006,FP_1006.jpg,CAD,1920,1080,landscape,LOW,MEDIUM,,NO,YES,Public_Dataset (Roboflow: kt-nyjuw/floor-plan-nnoub),CC BY 4.0,2026-09-06
FP_1007,FP_1007.jpg,CAD,1920,1080,landscape,LOW,MEDIUM,,NO,YES,Public_Dataset (Roboflow: kt-nyjuw/floor-plan-nnoub),CC BY 4.0,2026-09-06
FP_1008,FP_1008.jpg,CAD,1920,1080,landscape,LOW,MEDIUM,,NO,NO,Public_Dataset (Roboflow: kt-nyjuw/floor-plan-nnoub),CC BY 4.0,2026-09-06
FP_1009,FP_1009.jpg,CAD,1920,1080,landscape,LOW,MEDIUM,,NO,YES,Public_Dataset (Roboflow: kt-nyjuw/floor-plan-nnoub),CC BY 4.0,2026-09-06
FP_1010,FP_1010.jpg,CAD,1920,1080,landscape,LOW,MEDIUM,,NO,YES,Public_Dataset (Roboflow: kt-nyjuw/floor-plan-nnoub),CC BY 4.0,2026-09-06
FP_1011,FP_1011.jpg,CAD,1920,1080,landscape,LOW,MEDIUM,,NO,YES,Public_Dataset (Roboflow: kt-nyjuw/floor-plan-nnoub),CC BY 4.0,2026-09-06
FP_1012,FP_1012.jpg,CAD,1920,1080,landscape,MEDIUM,EASY,,NO,YES,Public_Dataset (Roboflow: kt-nyjuw/floor-plan-nnoub),CC BY 4.0,2026-09-06
FP_1013,FP_1013.jpg,CAD,1920,1080,landscape,LOW,MEDIUM,,NO,YES,Public_Dataset (Roboflow: kt-nyjuw/floor-plan-nnoub),CC BY 4.0,2026-09-06
FP_1014,FP_1014.jpg,CAD,1920,1080,landscape,LOW,MEDIUM,,NO,YES,Public_Dataset (Roboflow: kt-nyjuw/floor-plan-nnoub),CC BY 4.0,2026-09-06
FP_1015,FP_1015.jpg,CAD,1920,1080,landscape,LOW,MEDIUM,,NO,YES,Public_Dataset (Roboflow: kt-nyjuw/floor-plan-nnoub),CC BY 4.0,2026-09-06
FP_1016,FP_1016.jpg,CAD,1920,1080,landscape,LOW,MEDIUM,,NO,YES,Public_Dataset (Roboflow: kt-nyjuw/floor-plan-nnoub),CC BY 4.0,2026-09-06
FP_1017,FP_1017.jpg,CAD,1920,1080,landscape,LOW,MEDIUM,,NO,YES,Public_Dataset (Roboflow: kt-nyjuw/floor-plan-nnoub),CC BY 4.0,2026-09-06
FP_1018,FP_1018.jpg,CAD,1920,1080,landscape,LOW,MEDIUM,,NO,YES,Public_Dataset (Roboflow: kt-nyjuw/floor-plan-nnoub),CC BY 4.0,2026-09-06
FP_1019,FP_1019.jpg,CAD,1920,1080,landscape,LOW,MEDIUM,,NO,YES,Public_Dataset (Roboflow: kt-nyjuw/floor-plan-nnoub),CC BY 4.0,2026-09-06
FP_1020,FP_1020.jpg,CAD,1920,1080,landscape,LOW,MEDIUM,,NO,YES,Public_Dataset (Roboflow: kt-nyjuw/floor-plan-nnoub),CC BY 4.0,2026-09-06
FP_1021,FP_1021.jpg,CAD,1920,1080,landscape,HIGH,MEDIUM,,NO,YES,Public_Dataset (Roboflow: kt-nyjuw/floor-plan-nnoub),CC BY 4.0,2026-09-06
FP_1022,FP_1022.jpg,CAD,1920,1080,landscape,MEDIUM,EASY,,NO,NO,Public_Dataset (Roboflow: kt-nyjuw/floor-plan-nnoub),CC BY 4.0,2026-09-06
FP_1023,FP_1023.jpg,CAD,1920,1080,landscape,MEDIUM,EASY,,NO,YES,Public_Dataset (Roboflow: kt-nyjuw/floor-plan-nnoub),CC BY 4.0,2026-09-06
FP_1024,FP_1024.jpg,CAD,1920,1080,landscape,LOW,MEDIUM,,NO,NO,Public_Dataset (Roboflow: kt-nyjuw/floor-plan-nnoub),CC BY 4.0,2026-09-06
FP_1025,FP_1025.jpg,CAD,1920,1080,landscape,LOW,MEDIUM,,NO,YES,Public_Dataset (Roboflow: kt-nyjuw/floor-plan-nnoub),CC BY 4.0,2026-09-06
FP_1026,FP_1026.jpg,CAD,1920,1080,landscape,MEDIUM,EASY,,NO,YES,Public_Dataset (Roboflow: kt-nyjuw/floor-plan-nnoub),CC BY 4.0,2026-09-06
FP_1027,FP_1027.jpg,CAD,1920,1080,landscape,LOW,MEDIUM,,NO,YES,Public_Dataset (Roboflow: kt-nyjuw/floor-plan-nnoub),CC BY 4.0,2026-09-06
FP_1028,FP_1028.jpg,CAD,1920,1080,landscape,LOW,MEDIUM,,NO,YES,Public_Dataset (Roboflow: kt-nyjuw/floor-plan-nnoub),CC BY 4.0,2026-09-06
FP_1029,FP_1029.jpg,CAD,1920,1080,landscape,MEDIUM,EASY,,NO,YES,Public_Dataset (Roboflow: kt-nyjuw/floor-plan-nnoub),CC BY 4.0,2026-09-06
FP_1030,FP_1030.jpg,CAD,1920,1080,landscape,MEDIUM,EASY,,NO,YES,Public_Dataset (Roboflow: kt-nyjuw/floor-plan-nnoub),CC BY 4.0,2026-09-06
FP_1031,FP_1031.jpg,CAD,1920,1080,landscape,HIGH,EASY,,NO,YES,Public_Dataset (Roboflow: kt-nyjuw/floor-plan-nnoub),CC BY 4.0,2026-09-06
FP_1032,FP_1032.jpg,CAD,1920,1080,landscape,HIGH,EASY,,NO,YES,Public_Dataset (Roboflow: kt-nyjuw/floor-plan-nnoub),CC BY 4.0,2026-09-06
FP_1033,FP_1033.jpg,CAD,1920,1080,landscape,MEDIUM,EASY,,NO,YES,Public_Dataset (Roboflow: kt-nyjuw/floor-plan-nnoub),CC BY 4.0,2026-09-06
FP_1034,FP_1034.jpg,CAD,1920,1080,landscape,HIGH,MEDIUM,,YES,YES,Public_Dataset (Roboflow: kt-nyjuw/floor-plan-nnoub),CC BY 4.0,2026-09-06
FP_1035,FP_1035.jpg,CAD,1920,1080,landscape,HIGH,MEDIUM,,YES,YES,Public_Dataset (Roboflow: kt-nyjuw/floor-plan-nnoub),CC BY 4.0,2026-09-06
FP_1036,FP_1036.jpg,CAD,1920,1080,landscape,HIGH,MEDIUM,,YES,YES,Public_Dataset (Roboflow: kt-nyjuw/floor-plan-nnoub),CC BY 4.0,2026-09-06
FP_1037,FP_1037.jpg,CAD,1920,1080,landscape,HIGH,EASY,,YES,YES,Public_Dataset (Roboflow: kt-nyjuw/floor-plan-nnoub),CC BY 4.0,2026-09-06
FP_1038,FP_1038.jpg,CAD,1920,1080,landscape,HIGH,MEDIUM,,YES,YES,Public_Dataset (Roboflow: kt-nyjuw/floor-plan-nnoub),CC BY 4.0,2026-09-06
FP_1039,FP_1039.jpg,CAD,1920,1080,landscape,HIGH,MEDIUM,,YES,YES,Public_Dataset (Roboflow: kt-nyjuw/floor-plan-nnoub),CC BY 4.0,2026-09-06
FP_1040,FP_1040.jpg,CAD,1920,1080,landscape,HIGH,EASY,,NO,YES,Public_Dataset (Roboflow: kt-nyjuw/floor-plan-nnoub),CC BY 4.0,2026-09-06
FP_1041,FP_1041.jpg,CAD,1920,1080,landscape,HIGH,MEDIUM,,YES,YES,Public_Dataset (Roboflow: kt-nyjuw/floor-plan-nnoub),CC BY 4.0,2026-09-06
FP_1042,FP_1042.jpg,CAD,1920,1080,landscape,LOW,MEDIUM,,NO,YES,Public_Dataset (Roboflow: kt-nyjuw/floor-plan-nnoub),CC BY 4.0,2026-09-06
FP_1043,FP_1043.jpg,CAD,1920,1080,landscape,HIGH,MEDIUM,,YES,YES,Public_Dataset (Roboflow: kt-nyjuw/floor-plan-nnoub),CC BY 4.0,2026-09-06
FP_1044,FP_1044.jpg,CAD,1920,1080,landscape,LOW,MEDIUM,,YES,YES,Public_Dataset (Roboflow: kt-nyjuw/floor-plan-nnoub),CC BY 4.0,2026-09-06
FP_1045,FP_1045.jpg,CAD,1920,1080,landscape,HIGH,MEDIUM,,NO,YES,Public_Dataset (Roboflow: kt-nyjuw/floor-plan-nnoub),CC BY 4.0,2026-09-06
FP_1046,FP_1046.jpg,CAD,1920,1080,landscape,HIGH,MEDIUM,,YES,YES,Public_Dataset (Roboflow: kt-nyjuw/floor-plan-nnoub),CC BY 4.0,2026-09-06
FP_1047,FP_1047.jpg,CAD,1920,1080,landscape,HIGH,MEDIUM,,YES,YES,Public_Dataset (Roboflow: kt-nyjuw/floor-plan-nnoub),CC BY 4.0,2026-09-06
FP_1048,FP_1048.jpg,CAD,1920,1080,landscape,HIGH,MEDIUM,,YES,YES,Public_Dataset (Roboflow: kt-nyjuw/floor-plan-nnoub),CC BY 4.0,2026-09-06
FP_1049,FP_1049.jpg,CAD,1920,1080,landscape,HIGH,MEDIUM,,NO,YES,Public_Dataset (Roboflow: kt-nyjuw/floor-plan-nnoub),CC BY 4.0,2026-09-06
FP_1050,FP_1050.jpg,CAD,1920,1080,landscape,HIGH,MEDIUM,,YES,YES,Public_Dataset (Roboflow: kt-nyjuw/floor-plan-nnoub),CC BY 4.0,2026-09-06
FP_1051,FP_1051.jpg,CAD,1920,1080,landscape,HIGH,EASY,,YES,YES,Public_Dataset (Roboflow: kt-nyjuw/floor-plan-nnoub),CC BY 4.0,2026-09-06
FP_1052,FP_1052.jpg,CAD,1920,1080,landscape,HIGH,MEDIUM,,YES,YES,Public_Dataset (Roboflow: kt-nyjuw/floor-plan-nnoub),CC BY 4.0,2026-09-06
FP_1053,FP_1053.jpg,CAD,1920,1080,landscape,HIGH,EASY,,NO,YES,Public_Dataset (Roboflow: kt-nyjuw/floor-plan-nnoub),CC BY 4.0,2026-09-06
FP_1054,FP_1054.jpg,CAD,1920,1080,landscape,HIGH,MEDIUM,,YES,YES,Public_Dataset (Roboflow: kt-nyjuw/floor-plan-nnoub),CC BY 4.0,2026-09-06
FP_1055,FP_1055.jpg,CAD,1920,1080,landscape,MEDIUM,EASY,,YES,YES,Public_Dataset (Roboflow: kt-nyjuw/floor-plan-nnoub),CC BY 4.0,2026-09-06
FP_1056,FP_1056.jpg,CAD,1920,1080,landscape,MEDIUM,EASY,,NO,YES,Public_Dataset (Roboflow: kt-nyjuw/floor-plan-nnoub),CC BY 4.0,2026-09-06
FP_1057,FP_1057.jpg,CAD,1920,1080,landscape,HIGH,EASY,,NO,YES,Public_Dataset (Roboflow: kt-nyjuw/floor-plan-nnoub),CC BY 4.0,2026-09-06
FP_1058,FP_1058.jpg,CAD,1920,1080,landscape,HIGH,MEDIUM,,NO,YES,Public_Dataset (Roboflow: kt-nyjuw/floor-plan-nnoub),CC BY 4.0,2026-09-06
FP_1059,FP_1059.jpg,CAD,1920,1080,landscape,HIGH,MEDIUM,,YES,YES,Public_Dataset (Roboflow: kt-nyjuw/floor-plan-nnoub),CC BY 4.0,2026-09-06
FP_1060,FP_1060.jpg,CAD,1920,1080,landscape,HIGH,MEDIUM,,YES,YES,Public_Dataset (Roboflow: kt-nyjuw/floor-plan-nnoub),CC BY 4.0,2026-09-06
FP_1061,FP_1061.jpg,CAD,1920,1080,landscape,HIGH,MEDIUM,,YES,YES,Public_Dataset (Roboflow: kt-nyjuw/floor-plan-nnoub),CC BY 4.0,2026-09-06
FP_1062,FP_1062.jpg,CAD,1920,1080,landscape,HIGH,MEDIUM,,YES,YES,Public_Dataset (Roboflow: kt-nyjuw/floor-plan-nnoub),CC BY 4.0,2026-09-06
FP_1063,FP_1063.jpg,CAD,1920,1080,landscape,MEDIUM,EASY,,YES,YES,Public_Dataset (Roboflow: kt-nyjuw/floor-plan-nnoub),CC BY 4.0,2026-09-06
FP_1064,FP_1064.jpg,CAD,1920,1080,landscape,HIGH,MEDIUM,,YES,YES,Public_Dataset (Roboflow: kt-nyjuw/floor-plan-nnoub),CC BY 4.0,2026-09-06
FP_1065,FP_1065.jpg,CAD,1920,1080,landscape,HIGH,MEDIUM,,YES,YES,Public_Dataset (Roboflow: kt-nyjuw/floor-plan-nnoub),CC BY 4.0,2026-09-06
FP_1066,FP_1066.jpg,CAD,1920,1080,landscape,HIGH,MEDIUM,,YES,YES,Public_Dataset (Roboflow: kt-nyjuw/floor-plan-nnoub),CC BY 4.0,2026-09-06
FP_1067,FP_1067.jpg,CAD,1920,1080,landscape,HIGH,EASY,,NO,YES,Public_Dataset (Roboflow: kt-nyjuw/floor-plan-nnoub),CC BY 4.0,2026-09-06
FP_1068,FP_1068.jpg,CAD,1920,1080,landscape,HIGH,MEDIUM,,NO,YES,Public_Dataset (Roboflow: kt-nyjuw/floor-plan-nnoub),CC BY 4.0,2026-09-06
FP_1069,FP_1069.jpg,CAD,1920,1080,landscape,HIGH,MEDIUM,,NO,YES,Public_Dataset (Roboflow: kt-nyjuw/floor-plan-nnoub),CC BY 4.0,2026-09-06
FP_1070,FP_1070.jpg,CAD,1920,1080,landscape,MEDIUM,HARD,,NO,YES,Public_Dataset (Roboflow: kt-nyjuw/floor-plan-nnoub),CC BY 4.0,2026-09-06
FP_1071,FP_1071.jpg,CAD,1920,1080,landscape,MEDIUM,MEDIUM,,NO,YES,Public_Dataset (Roboflow: kt-nyjuw/floor-plan-nnoub),CC BY 4.0,2026-09-06
FP_1072,FP_1072.jpg,CAD,1920,1080,landscape,MEDIUM,MEDIUM,,NO,YES,Public_Dataset (Roboflow: kt-nyjuw/floor-plan-nnoub),CC BY 4.0,2026-09-06
FP_1073,FP_1073.jpg,CAD,1920,1080,landscape,LOW,MEDIUM,,NO,YES,Public_Dataset (Roboflow: kt-nyjuw/floor-plan-nnoub),CC BY 4.0,2026-09-06
FP_1074,FP_1074.jpg,CAD,1920,1080,landscape,MEDIUM,MEDIUM,,NO,YES,Public_Dataset (Roboflow: kt-nyjuw/floor-plan-nnoub),CC BY 4.0,2026-09-06
FP_1075,FP_1075.jpg,CAD,1920,1080,landscape,LOW,MEDIUM,,YES,YES,Public_Dataset (Roboflow: kt-nyjuw/floor-plan-nnoub),CC BY 4.0,2026-09-06
FP_1076,FP_1076.jpg,CAD,1920,1080,landscape,LOW,HARD,,NO,YES,Public_Dataset (Roboflow: kt-nyjuw/floor-plan-nnoub),CC BY 4.0,2026-09-06
FP_1077,FP_1077.jpg,CAD,1920,1080,landscape,HIGH,EASY,,NO,YES,Public_Dataset (Roboflow: kt-nyjuw/floor-plan-nnoub),CC BY 4.0,2026-09-06
FP_1078,FP_1078.jpg,CAD,1920,1080,landscape,LOW,MEDIUM,,YES,YES,Public_Dataset (Roboflow: kt-nyjuw/floor-plan-nnoub),CC BY 4.0,2026-09-06
FP_1079,FP_1079.jpg,CAD,1920,1080,landscape,HIGH,EASY,,NO,YES,Public_Dataset (Roboflow: kt-nyjuw/floor-plan-nnoub),CC BY 4.0,2026-09-06
FP_1080,FP_1080.jpg,CAD,1920,1080,landscape,HIGH,EASY,,NO,YES,Public_Dataset (Roboflow: kt-nyjuw/floor-plan-nnoub),CC BY 4.0,2026-09-06
FP_1081,FP_1081.jpg,CAD,1920,1080,landscape,MEDIUM,MEDIUM,,NO,YES,Public_Dataset (Roboflow: kt-nyjuw/floor-plan-nnoub),CC BY 4.0,2026-09-06
FP_1082,FP_1082.jpg,CAD,1920,1080,landscape,MEDIUM,EASY,,YES,YES,Public_Dataset (Roboflow: kt-nyjuw/floor-plan-nnoub),CC BY 4.0,2026-09-06
FP_1083,FP_1083.jpg,CAD,1920,1080,landscape,HIGH,EASY,,NO,YES,Public_Dataset (Roboflow: kt-nyjuw/floor-plan-nnoub),CC BY 4.0,2026-09-06
FP_1084,FP_1084.jpg,CAD,1920,1080,landscape,MEDIUM,EASY,,NO,YES,Public_Dataset (Roboflow: kt-nyjuw/floor-plan-nnoub),CC BY 4.0,2026-09-06
FP_1085,FP_1085.jpg,CAD,1920,1080,landscape,MEDIUM,MEDIUM,,YES,YES,Public_Dataset (Roboflow: kt-nyjuw/floor-plan-nnoub),CC BY 4.0,2026-09-06
FP_1086,FP_1086.jpg,CAD,1920,1080,landscape,MEDIUM,MEDIUM,,YES,YES,Public_Dataset (Roboflow: kt-nyjuw/floor-plan-nnoub),CC BY 4.0,2026-09-06
FP_1087,FP_1087.jpg,CAD,1920,1080,landscape,HIGH,MEDIUM,,YES,YES,Public_Dataset (Roboflow: kt-nyjuw/floor-plan-nnoub),CC BY 4.0,2026-09-06
FP_1088,FP_1088.jpg,CAD,1920,1080,landscape,MEDIUM,EASY,,YES,YES,Public_Dataset (Roboflow: kt-nyjuw/floor-plan-nnoub),CC BY 4.0,2026-09-06
FP_1089,FP_1089.jpg,CAD,1920,1080,landscape,LOW,MEDIUM,,NO,YES,Public_Dataset (Roboflow: kt-nyjuw/floor-plan-nnoub),CC BY 4.0,2026-09-06
FP_1090,FP_1090.jpg,CAD,1920,1080,landscape,HIGH,EASY,,NO,YES,Public_Dataset (Roboflow: kt-nyjuw/floor-plan-nnoub),CC BY 4.0,2026-09-06
FP_1091,FP_1091.jpg,CAD,1920,1080,landscape,HIGH,MEDIUM,,NO,YES,Public_Dataset (Roboflow: kt-nyjuw/floor-plan-nnoub),CC BY 4.0,2026-09-06
FP_1092,FP_1092.jpg,CAD,1920,1080,landscape,MEDIUM,MEDIUM,,NO,YES,Public_Dataset (Roboflow: kt-nyjuw/floor-plan-nnoub),CC BY 4.0,2026-09-06
FP_1093,FP_1093.jpg,CAD,1920,1080,landscape,MEDIUM,EASY,,YES,YES,Public_Dataset (Roboflow: kt-nyjuw/floor-plan-nnoub),CC BY 4.0,2026-09-06
FP_1094,FP_1094.jpg,CAD,1920,1080,landscape,HIGH,EASY,,NO,YES,Public_Dataset (Roboflow: kt-nyjuw/floor-plan-nnoub),CC BY 4.0,2026-09-06
FP_1095,FP_1095.jpg,CAD,1920,1080,landscape,MEDIUM,MEDIUM,,NO,YES,Public_Dataset (Roboflow: kt-nyjuw/floor-plan-nnoub),CC BY 4.0,2026-09-06
FP_1096,FP_1096.jpg,CAD,1920,1080,landscape,HIGH,MEDIUM,,NO,YES,Public_Dataset (Roboflow: kt-nyjuw/floor-plan-nnoub),CC BY 4.0,2026-09-06
FP_1097,FP_1097.jpg,CAD,1920,1080,landscape,MEDIUM,EASY,,NO,YES,Public_Dataset (Roboflow: kt-nyjuw/floor-plan-nnoub),CC BY 4.0,2026-09-06
FP_1098,FP_1098.jpg,CAD,1920,1080,landscape,LOW,MEDIUM,,YES,YES,Public_Dataset (Roboflow: kt-nyjuw/floor-plan-nnoub),CC BY 4.0,2026-09-06
FP_1099,FP_1099.jpg,CAD,1920,1080,landscape,HIGH,MEDIUM,,YES,YES,Public_Dataset (Roboflow: kt-nyjuw/floor-plan-nnoub),CC BY 4.0,2026-09-06
FP_1100,FP_1100.jpg,CAD,1920,1080,landscape,MEDIUM,EASY,,YES,YES,Public_Dataset (Roboflow: kt-nyjuw/floor-plan-nnoub),CC BY 4.0,2026-09-06
FP_1101,FP_1101.jpg,CAD,1920,1080,landscape,LOW,MEDIUM,,NO,YES,Public_Dataset (Roboflow: kt-nyjuw/floor-plan-nnoub),CC BY 4.0,2026-09-06
FP_1102,FP_1102.jpg,CAD,1920,1080,landscape,LOW,MEDIUM,,YES,YES,Public_Dataset (Roboflow: kt-nyjuw/floor-plan-nnoub),CC BY 4.0,2026-09-06
FP_1103,FP_1103.jpg,CAD,1920,1080,landscape,MEDIUM,MEDIUM,,NO,YES,Public_Dataset (Roboflow: kt-nyjuw/floor-plan-nnoub),CC BY 4.0,2026-09-06
FP_1104,FP_1104.jpg,CAD,1920,1080,landscape,MEDIUM,MEDIUM,,NO,YES,Public_Dataset (Roboflow: kt-nyjuw/floor-plan-nnoub),CC BY 4.0,2026-09-06
FP_1105,FP_1105.jpg,CAD,1920,1080,landscape,MEDIUM,MEDIUM,,NO,YES,Public_Dataset (Roboflow: kt-nyjuw/floor-plan-nnoub),CC BY 4.0,2026-09-06
FP_1106,FP_1106.jpg,CAD,1920,1080,landscape,HIGH,EASY,,NO,YES,Public_Dataset (Roboflow: kt-nyjuw/floor-plan-nnoub),CC BY 4.0,2026-09-06
FP_1107,FP_1107.jpg,CAD,1920,1080,landscape,MEDIUM,MEDIUM,,NO,YES,Public_Dataset (Roboflow: kt-nyjuw/floor-plan-nnoub),CC BY 4.0,2026-09-06
FP_1108,FP_1108.jpg,CAD,1920,1080,landscape,LOW,MEDIUM,,NO,YES,Public_Dataset (Roboflow: kt-nyjuw/floor-plan-nnoub),CC BY 4.0,2026-09-06
FP_1109,FP_1109.jpg,CAD,1920,1080,landscape,MEDIUM,MEDIUM,,NO,YES,Public_Dataset (Roboflow: kt-nyjuw/floor-plan-nnoub),CC BY 4.0,2026-09-06
FP_1110,FP_1110.jpg,CAD,1920,1080,landscape,HIGH,MEDIUM,,NO,YES,Public_Dataset (Roboflow: kt-nyjuw/floor-plan-nnoub),CC BY 4.0,2026-09-06
FP_1111,FP_1111.jpg,CAD,1920,1080,landscape,MEDIUM,MEDIUM,,NO,YES,Public_Dataset (Roboflow: kt-nyjuw/floor-plan-nnoub),CC BY 4.0,2026-09-06
FP_1112,FP_1112.jpg,CAD,1920,1080,landscape,HIGH,MEDIUM,,YES,YES,Public_Dataset (Roboflow: kt-nyjuw/floor-plan-nnoub),CC BY 4.0,2026-09-06
FP_1113,FP_1113.jpg,CAD,1920,1080,landscape,HIGH,EASY,,NO,YES,Public_Dataset (Roboflow: kt-nyjuw/floor-plan-nnoub),CC BY 4.0,2026-09-06
FP_1114,FP_1114.jpg,CAD,1920,1080,landscape,HIGH,EASY,,YES,YES,Public_Dataset (Roboflow: kt-nyjuw/floor-plan-nnoub),CC BY 4.0,2026-09-06
FP_1115,FP_1115.jpg,CAD,1920,1080,landscape,LOW,MEDIUM,,YES,YES,Public_Dataset (Roboflow: kt-nyjuw/floor-plan-nnoub),CC BY 4.0,2026-09-06
FP_1116,FP_1116.jpg,CAD,1920,1080,landscape,HIGH,EASY,,NO,YES,Public_Dataset (Roboflow: kt-nyjuw/floor-plan-nnoub),CC BY 4.0,2026-09-06
FP_1117,FP_1117.jpg,CAD,1920,1080,landscape,LOW,MEDIUM,,NO,YES,Public_Dataset (Roboflow: kt-nyjuw/floor-plan-nnoub),CC BY 4.0,2026-09-06
FP_1118,FP_1118.jpg,CAD,1920,1080,landscape,HIGH,MEDIUM,,YES,YES,Public_Dataset (Roboflow: kt-nyjuw/floor-plan-nnoub),CC BY 4.0,2026-09-06
FP_1119,FP_1119.jpg,CAD,1920,1080,landscape,HIGH,EASY,,YES,YES,Public_Dataset (Roboflow: kt-nyjuw/floor-plan-nnoub),CC BY 4.0,2026-09-06
FP_1120,FP_1120.jpg,CAD,1920,1080,landscape,MEDIUM,MEDIUM,,NO,YES,Public_Dataset (Roboflow: kt-nyjuw/floor-plan-nnoub),CC BY 4.0,2026-09-06
FP_1121,FP_1121.jpg,CAD,1920,1080,landscape,MEDIUM,MEDIUM,,NO,YES,Public_Dataset (Roboflow: kt-nyjuw/floor-plan-nnoub),CC BY 4.0,2026-09-06
FP_1122,FP_1122.jpg,CAD,1920,1080,landscape,HIGH,MEDIUM,,NO,YES,Public_Dataset (Roboflow: kt-nyjuw/floor-plan-nnoub),CC BY 4.0,2026-09-06
FP_1123,FP_1123.jpg,CAD,1920,1080,landscape,LOW,MEDIUM,,NO,YES,Public_Dataset (Roboflow: kt-nyjuw/floor-plan-nnoub),CC BY 4.0,2026-09-06
FP_1124,FP_1124.jpg,CAD,1920,1080,landscape,LOW,MEDIUM,,NO,YES,Public_Dataset (Roboflow: kt-nyjuw/floor-plan-nnoub),CC BY 4.0,2026-09-06
FP_1125,FP_1125.jpg,CAD,1920,1080,landscape,LOW,MEDIUM,,NO,YES,Public_Dataset (Roboflow: kt-nyjuw/floor-plan-nnoub),CC BY 4.0,2026-09-06
FP_1126,FP_1126.jpg,CAD,1920,1080,landscape,HIGH,MEDIUM,,NO,YES,Public_Dataset (Roboflow: kt-nyjuw/floor-plan-nnoub),CC BY 4.0,2026-09-06
FP_1127,FP_1127.jpg,CAD,1920,1080,landscape,LOW,MEDIUM,,YES,YES,Public_Dataset (Roboflow: kt-nyjuw/floor-plan-nnoub),CC BY 4.0,2026-09-06
FP_1128,FP_1128.jpg,CAD,1920,1080,landscape,MEDIUM,MEDIUM,,YES,YES,Public_Dataset (Roboflow: kt-nyjuw/floor-plan-nnoub),CC BY 4.0,2026-09-06
FP_1129,FP_1129.jpg,CAD,1920,1080,landscape,HIGH,EASY,,YES,YES,Public_Dataset (Roboflow: kt-nyjuw/floor-plan-nnoub),CC BY 4.0,2026-09-06
FP_1130,FP_1130.jpg,CAD,1920,1080,landscape,HIGH,EASY,,NO,YES,Public_Dataset (Roboflow: kt-nyjuw/floor-plan-nnoub),CC BY 4.0,2026-09-06
FP_1131,FP_1131.jpg,CAD,1920,1080,landscape,LOW,MEDIUM,,NO,YES,Public_Dataset (Roboflow: kt-nyjuw/floor-plan-nnoub),CC BY 4.0,2026-09-06
FP_1132,FP_1132.jpg,CAD,1920,1080,landscape,HIGH,MEDIUM,,NO,YES,Public_Dataset (Roboflow: kt-nyjuw/floor-plan-nnoub),CC BY 4.0,2026-09-06
FP_1133,FP_1133.jpg,CAD,1920,1080,landscape,HIGH,MEDIUM,,NO,YES,Public_Dataset (Roboflow: kt-nyjuw/floor-plan-nnoub),CC BY 4.0,2026-09-06
FP_1134,FP_1134.jpg,CAD,1920,1080,landscape,HIGH,MEDIUM,,NO,YES,Public_Dataset (Roboflow: kt-nyjuw/floor-plan-nnoub),CC BY 4.0,2026-09-06
FP_1135,FP_1135.jpg,CAD,1920,1080,landscape,MEDIUM,EASY,,NO,YES,Public_Dataset (Roboflow: kt-nyjuw/floor-plan-nnoub),CC BY 4.0,2026-09-06
FP_1136,FP_1136.jpg,CAD,1920,1080,landscape,MEDIUM,MEDIUM,,NO,YES,Public_Dataset (Roboflow: kt-nyjuw/floor-plan-nnoub),CC BY 4.0,2026-09-06
FP_1137,FP_1137.jpg,CAD,1920,1080,landscape,HIGH,MEDIUM,,YES,YES,Public_Dataset (Roboflow: kt-nyjuw/floor-plan-nnoub),CC BY 4.0,2026-09-06
FP_1138,FP_1138.jpg,CAD,1920,1080,landscape,HIGH,EASY,,YES,YES,Public_Dataset (Roboflow: kt-nyjuw/floor-plan-nnoub),CC BY 4.0,2026-09-06
FP_1139,FP_1139.jpg,CAD,1920,1080,landscape,MEDIUM,EASY,,YES,YES,Public_Dataset (Roboflow: kt-nyjuw/floor-plan-nnoub),CC BY 4.0,2026-09-06
FP_1140,FP_1140.jpg,CAD,1920,1080,landscape,MEDIUM,EASY,,NO,YES,Public_Dataset (Roboflow: kt-nyjuw/floor-plan-nnoub),CC BY 4.0,2026-09-06
FP_1141,FP_1141.jpg,CAD,1920,1080,landscape,LOW,MEDIUM,,YES,YES,Public_Dataset (Roboflow: kt-nyjuw/floor-plan-nnoub),CC BY 4.0,2026-09-06
FP_1142,FP_1142.jpg,CAD,1920,1080,landscape,MEDIUM,MEDIUM,,NO,YES,Public_Dataset (Roboflow: kt-nyjuw/floor-plan-nnoub),CC BY 4.0,2026-09-06
FP_1143,FP_1143.jpg,CAD,1920,1080,landscape,HIGH,MEDIUM,,NO,YES,Public_Dataset (Roboflow: kt-nyjuw/floor-plan-nnoub),CC BY 4.0,2026-09-06
FP_1144,FP_1144.jpg,CAD,1920,1080,landscape,HIGH,MEDIUM,,NO,YES,Public_Dataset (Roboflow: kt-nyjuw/floor-plan-nnoub),CC BY 4.0,2026-09-06
FP_1145,FP_1145.jpg,CAD,1920,1080,landscape,MEDIUM,EASY,,NO,YES,Public_Dataset (Roboflow: kt-nyjuw/floor-plan-nnoub),CC BY 4.0,2026-09-06
FP_1146,FP_1146.jpg,CAD,1920,1080,landscape,MEDIUM,MEDIUM,,NO,YES,Public_Dataset (Roboflow: kt-nyjuw/floor-plan-nnoub),CC BY 4.0,2026-09-06
FP_1147,FP_1147.jpg,CAD,1920,1080,landscape,HIGH,MEDIUM,,NO,YES,Public_Dataset (Roboflow: kt-nyjuw/floor-plan-nnoub),CC BY 4.0,2026-09-06
FP_1148,FP_1148.jpg,CAD,1920,1080,landscape,HIGH,EASY,,NO,YES,Public_Dataset (Roboflow: kt-nyjuw/floor-plan-nnoub),CC BY 4.0,2026-09-06
FP_1149,FP_1149.jpg,CAD,1920,1080,landscape,MEDIUM,EASY,,NO,YES,Public_Dataset (Roboflow: kt-nyjuw/floor-plan-nnoub),CC BY 4.0,2026-09-06
FP_1150,FP_1150.jpg,CAD,1920,1080,landscape,LOW,MEDIUM,,YES,YES,Public_Dataset (Roboflow: kt-nyjuw/floor-plan-nnoub),CC BY 4.0,2026-09-06
FP_1151,FP_1151.jpg,CAD,1920,1080,landscape,LOW,MEDIUM,,NO,YES,Public_Dataset (Roboflow: kt-nyjuw/floor-plan-nnoub),CC BY 4.0,2026-09-06
FP_1152,FP_1152.jpg,CAD,1920,1080,landscape,LOW,MEDIUM,,NO,YES,Public_Dataset (Roboflow: kt-nyjuw/floor-plan-nnoub),CC BY 4.0,2026-09-06
FP_1153,FP_1153.jpg,CAD,1920,1080,landscape,MEDIUM,MEDIUM,,YES,YES,Public_Dataset (Roboflow: kt-nyjuw/floor-plan-nnoub),CC BY 4.0,2026-09-06
FP_1154,FP_1154.jpg,CAD,1920,1080,landscape,MEDIUM,HARD,,NO,YES,Public_Dataset (Roboflow: kt-nyjuw/floor-plan-nnoub),CC BY 4.0,2026-09-06
FP_1155,FP_1155.jpg,CAD,1920,1080,landscape,HIGH,EASY,,NO,YES,Public_Dataset (Roboflow: kt-nyjuw/floor-plan-nnoub),CC BY 4.0,2026-09-06
FP_1156,FP_1156.jpg,CAD,1920,1080,landscape,MEDIUM,MEDIUM,,YES,YES,Public_Dataset (Roboflow: kt-nyjuw/floor-plan-nnoub),CC BY 4.0,2026-09-06
FP_1157,FP_1157.jpg,CAD,1920,1080,landscape,HIGH,MEDIUM,,YES,YES,Public_Dataset (Roboflow: kt-nyjuw/floor-plan-nnoub),CC BY 4.0,2026-09-06
FP_1158,FP_1158.jpg,CAD,1920,1080,landscape,MEDIUM,EASY,,YES,YES,Public_Dataset (Roboflow: kt-nyjuw/floor-plan-nnoub),CC BY 4.0,2026-09-06
FP_1159,FP_1159.jpg,CAD,1920,1080,landscape,MEDIUM,MEDIUM,,NO,YES,Public_Dataset (Roboflow: kt-nyjuw/floor-plan-nnoub),CC BY 4.0,2026-09-06
FP_1160,FP_1160.jpg,CAD,1920,1080,landscape,HIGH,MEDIUM,,NO,YES,Public_Dataset (Roboflow: kt-nyjuw/floor-plan-nnoub),CC BY 4.0,2026-09-06
FP_1161,FP_1161.jpg,CAD,1920,1080,landscape,HIGH,MEDIUM,,YES,YES,Public_Dataset (Roboflow: kt-nyjuw/floor-plan-nnoub),CC BY 4.0,2026-09-06
FP_1162,FP_1162.jpg,CAD,1920,1080,landscape,MEDIUM,MEDIUM,,NO,YES,Public_Dataset (Roboflow: kt-nyjuw/floor-plan-nnoub),CC BY 4.0,2026-09-06
FP_1163,FP_1163.jpg,CAD,1920,1080,landscape,MEDIUM,EASY,,NO,YES,Public_Dataset (Roboflow: kt-nyjuw/floor-plan-nnoub),CC BY 4.0,2026-09-06
FP_1164,FP_1164.jpg,CAD,1920,1080,landscape,LOW,MEDIUM,,NO,NO,Public_Dataset (Roboflow: kt-nyjuw/floor-plan-nnoub),CC BY 4.0,2026-09-06
FP_1165,FP_1165.jpg,CAD,1920,1080,landscape,HIGH,EASY,,YES,YES,Public_Dataset (Roboflow: kt-nyjuw/floor-plan-nnoub),CC BY 4.0,2026-09-06
FP_1166,FP_1166.jpg,CAD,1920,1080,landscape,HIGH,MEDIUM,,NO,YES,Public_Dataset (Roboflow: kt-nyjuw/floor-plan-nnoub),CC BY 4.0,2026-09-06
FP_1167,FP_1167.jpg,CAD,1920,1080,landscape,HIGH,EASY,,NO,YES,Public_Dataset (Roboflow: kt-nyjuw/floor-plan-nnoub),CC BY 4.0,2026-09-06
FP_1168,FP_1168.jpg,CAD,1920,1080,landscape,MEDIUM,MEDIUM,,NO,YES,Public_Dataset (Roboflow: kt-nyjuw/floor-plan-nnoub),CC BY 4.0,2026-09-06
FP_1169,FP_1169.jpg,CAD,1920,1080,landscape,MEDIUM,EASY,,NO,YES,Public_Dataset (Roboflow: kt-nyjuw/floor-plan-nnoub),CC BY 4.0,2026-09-06
FP_1170,FP_1170.jpg,CAD,1920,1080,landscape,MEDIUM,MEDIUM,,NO,YES,Public_Dataset (Roboflow: kt-nyjuw/floor-plan-nnoub),CC BY 4.0,2026-09-06
FP_1171,FP_1171.jpg,CAD,1920,1080,landscape,HIGH,MEDIUM,,YES,YES,Public_Dataset (Roboflow: kt-nyjuw/floor-plan-nnoub),CC BY 4.0,2026-09-06
FP_1172,FP_1172.jpg,CAD,1920,1080,landscape,LOW,MEDIUM,,YES,YES,Public_Dataset (Roboflow: kt-nyjuw/floor-plan-nnoub),CC BY 4.0,2026-09-06
FP_1173,FP_1173.jpg,CAD,1920,1080,landscape,HIGH,MEDIUM,,YES,YES,Public_Dataset (Roboflow: kt-nyjuw/floor-plan-nnoub),CC BY 4.0,2026-09-06
FP_1174,FP_1174.jpg,CAD,1920,1080,landscape,MEDIUM,MEDIUM,,NO,YES,Public_Dataset (Roboflow: kt-nyjuw/floor-plan-nnoub),CC BY 4.0,2026-09-06
FP_1175,FP_1175.jpg,CAD,1920,1080,landscape,LOW,MEDIUM,,NO,YES,Public_Dataset (Roboflow: kt-nyjuw/floor-plan-nnoub),CC BY 4.0,2026-09-06
FP_1176,FP_1176.jpg,CAD,1920,1080,landscape,HIGH,EASY,,YES,YES,Public_Dataset (Roboflow: kt-nyjuw/floor-plan-nnoub),CC BY 4.0,2026-09-06
FP_1177,FP_1177.jpg,CAD,1920,1080,landscape,MEDIUM,MEDIUM,,NO,YES,Public_Dataset (Roboflow: kt-nyjuw/floor-plan-nnoub),CC BY 4.0,2026-09-06
FP_1178,FP_1178.jpg,CAD,1920,1080,landscape,HIGH,MEDIUM,,YES,YES,Public_Dataset (Roboflow: kt-nyjuw/floor-plan-nnoub),CC BY 4.0,2026-09-06
FP_1179,FP_1179.jpg,CAD,1920,1080,landscape,MEDIUM,EASY,,NO,YES,Public_Dataset (Roboflow: kt-nyjuw/floor-plan-nnoub),CC BY 4.0,2026-09-06
FP_1180,FP_1180.jpg,CAD,1920,1080,landscape,LOW,MEDIUM,,NO,YES,Public_Dataset (Roboflow: kt-nyjuw/floor-plan-nnoub),CC BY 4.0,2026-09-06
FP_1181,FP_1181.jpg,CAD,1920,1080,landscape,LOW,MEDIUM,,YES,YES,Public_Dataset (Roboflow: kt-nyjuw/floor-plan-nnoub),CC BY 4.0,2026-09-06
FP_1182,FP_1182.jpg,CAD,1920,1080,landscape,HIGH,MEDIUM,,NO,YES,Public_Dataset (Roboflow: kt-nyjuw/floor-plan-nnoub),CC BY 4.0,2026-09-06
FP_1183,FP_1183.jpg,CAD,1920,1080,landscape,LOW,MEDIUM,,YES,YES,Public_Dataset (Roboflow: kt-nyjuw/floor-plan-nnoub),CC BY 4.0,2026-09-06
FP_1184,FP_1184.jpg,CAD,1920,1080,landscape,HIGH,EASY,,NO,YES,Public_Dataset (Roboflow: kt-nyjuw/floor-plan-nnoub),CC BY 4.0,2026-09-06
FP_1185,FP_1185.jpg,CAD,1920,1080,landscape,MEDIUM,EASY,,YES,YES,Public_Dataset (Roboflow: kt-nyjuw/floor-plan-nnoub),CC BY 4.0,2026-09-06
FP_1186,FP_1186.jpg,CAD,1920,1080,landscape,MEDIUM,MEDIUM,,YES,YES,Public_Dataset (Roboflow: kt-nyjuw/floor-plan-nnoub),CC BY 4.0,2026-09-06
FP_1187,FP_1187.jpg,CAD,1920,1080,landscape,MEDIUM,MEDIUM,,NO,YES,Public_Dataset (Roboflow: kt-nyjuw/floor-plan-nnoub),CC BY 4.0,2026-09-06
FP_1188,FP_1188.jpg,CAD,1920,1080,landscape,HIGH,EASY,,NO,YES,Public_Dataset (Roboflow: kt-nyjuw/floor-plan-nnoub),CC BY 4.0,2026-09-06
FP_1189,FP_1189.jpg,CAD,1920,1080,landscape,HIGH,EASY,,NO,YES,Public_Dataset (Roboflow: kt-nyjuw/floor-plan-nnoub),CC BY 4.0,2026-09-06
FP_1190,FP_1190.jpg,CAD,1920,1080,landscape,HIGH,MEDIUM,,NO,YES,Public_Dataset (Roboflow: kt-nyjuw/floor-plan-nnoub),CC BY 4.0,2026-09-06
FP_1191,FP_1191.jpg,CAD,1920,1080,landscape,HIGH,EASY,,NO,YES,Public_Dataset (Roboflow: kt-nyjuw/floor-plan-nnoub),CC BY 4.0,2026-09-06
FP_1192,FP_1192.jpg,CAD,1920,1080,landscape,LOW,MEDIUM,,NO,YES,Public_Dataset (Roboflow: kt-nyjuw/floor-plan-nnoub),CC BY 4.0,2026-09-06
FP_1193,FP_1193.jpg,CAD,1920,1080,landscape,HIGH,MEDIUM,,YES,YES,Public_Dataset (Roboflow: kt-nyjuw/floor-plan-nnoub),CC BY 4.0,2026-09-06
FP_1194,FP_1194.jpg,CAD,1920,1080,landscape,MEDIUM,EASY,,NO,YES,Public_Dataset (Roboflow: kt-nyjuw/floor-plan-nnoub),CC BY 4.0,2026-09-06
FP_1195,FP_1195.jpg,CAD,1920,1080,landscape,MEDIUM,MEDIUM,,YES,YES,Public_Dataset (Roboflow: kt-nyjuw/floor-plan-nnoub),CC BY 4.0,2026-09-06
FP_1196,FP_1196.jpg,CAD,1920,1080,landscape,LOW,MEDIUM,,NO,YES,Public_Dataset (Roboflow: kt-nyjuw/floor-plan-nnoub),CC BY 4.0,2026-09-06
FP_1197,FP_1197.jpg,CAD,1920,1080,landscape,MEDIUM,MEDIUM,,NO,YES,Public_Dataset (Roboflow: kt-nyjuw/floor-plan-nnoub),CC BY 4.0,2026-09-06
FP_1198,FP_1198.jpg,CAD,1920,1080,landscape,LOW,MEDIUM,,YES,YES,Public_Dataset (Roboflow: kt-nyjuw/floor-plan-nnoub),CC BY 4.0,2026-09-06
FP_1199,FP_1199.jpg,CAD,1920,1080,landscape,LOW,MEDIUM,,NO,NO,Public_Dataset (Roboflow: kt-nyjuw/floor-plan-nnoub),CC BY 4.0,2026-09-06
FP_1200,FP_1200.jpg,CAD,1920,1080,landscape,MEDIUM,MEDIUM,,YES,YES,Public_Dataset (Roboflow: kt-nyjuw/floor-plan-nnoub),CC BY 4.0,2026-09-06
FP_1201,FP_1201.jpg,CAD,1920,1080,landscape,LOW,MEDIUM,,YES,YES,Public_Dataset (Roboflow: kt-nyjuw/floor-plan-nnoub),CC BY 4.0,2026-09-06
FP_1202,FP_1202.jpg,CAD,1920,1080,landscape,LOW,MEDIUM,,NO,YES,Public_Dataset (Roboflow: kt-nyjuw/floor-plan-nnoub),CC BY 4.0,2026-09-06
FP_1203,FP_1203.jpg,CAD,1920,1080,landscape,MEDIUM,MEDIUM,,NO,YES,Public_Dataset (Roboflow: kt-nyjuw/floor-plan-nnoub),CC BY 4.0,2026-09-06
FP_1204,FP_1204.jpg,CAD,1920,1080,landscape,LOW,MEDIUM,,YES,YES,Public_Dataset (Roboflow: kt-nyjuw/floor-plan-nnoub),CC BY 4.0,2026-09-06
FP_1205,FP_1205.jpg,CAD,1920,1080,landscape,HIGH,EASY,,NO,YES,Public_Dataset (Roboflow: kt-nyjuw/floor-plan-nnoub),CC BY 4.0,2026-09-06
FP_1206,FP_1206.jpg,CAD,1920,1080,landscape,HIGH,EASY,,YES,YES,Public_Dataset (Roboflow: kt-nyjuw/floor-plan-nnoub),CC BY 4.0,2026-09-06
FP_1207,FP_1207.jpg,CAD,1920,1080,landscape,LOW,MEDIUM,,YES,YES,Public_Dataset (Roboflow: kt-nyjuw/floor-plan-nnoub),CC BY 4.0,2026-09-06
FP_1208,FP_1208.jpg,CAD,1920,1080,landscape,MEDIUM,MEDIUM,,NO,YES,Public_Dataset (Roboflow: kt-nyjuw/floor-plan-nnoub),CC BY 4.0,2026-09-06
FP_1209,FP_1209.jpg,CAD,1920,1080,landscape,MEDIUM,EASY,,YES,YES,Public_Dataset (Roboflow: kt-nyjuw/floor-plan-nnoub),CC BY 4.0,2026-09-06
FP_1210,FP_1210.jpg,CAD,1920,1080,landscape,MEDIUM,MEDIUM,,NO,YES,Public_Dataset (Roboflow: kt-nyjuw/floor-plan-nnoub),CC BY 4.0,2026-09-06
FP_1211,FP_1211.jpg,CAD,1920,1080,landscape,MEDIUM,MEDIUM,,YES,YES,Public_Dataset (Roboflow: kt-nyjuw/floor-plan-nnoub),CC BY 4.0,2026-09-06
FP_1212,FP_1212.jpg,CAD,1920,1080,landscape,MEDIUM,MEDIUM,,NO,YES,Public_Dataset (Roboflow: kt-nyjuw/floor-plan-nnoub),CC BY 4.0,2026-09-06
FP_1213,FP_1213.jpg,CAD,1920,1080,landscape,HIGH,MEDIUM,,YES,YES,Public_Dataset (Roboflow: kt-nyjuw/floor-plan-nnoub),CC BY 4.0,2026-09-06
FP_1214,FP_1214.jpg,CAD,1920,1080,landscape,LOW,MEDIUM,,YES,YES,Public_Dataset (Roboflow: kt-nyjuw/floor-plan-nnoub),CC BY 4.0,2026-09-06
FP_1215,FP_1215.jpg,CAD,1920,1080,landscape,MEDIUM,MEDIUM,,NO,YES,Public_Dataset (Roboflow: kt-nyjuw/floor-plan-nnoub),CC BY 4.0,2026-09-06
FP_1216,FP_1216.jpg,CAD,1920,1080,landscape,MEDIUM,MEDIUM,,NO,YES,Public_Dataset (Roboflow: kt-nyjuw/floor-plan-nnoub),CC BY 4.0,2026-09-06
FP_1217,FP_1217.jpg,CAD,1920,1080,landscape,HIGH,MEDIUM,,NO,YES,Public_Dataset (Roboflow: kt-nyjuw/floor-plan-nnoub),CC BY 4.0,2026-09-06
FP_1218,FP_1218.jpg,CAD,1920,1080,landscape,LOW,MEDIUM,,YES,YES,Public_Dataset (Roboflow: kt-nyjuw/floor-plan-nnoub),CC BY 4.0,2026-09-06
FP_1219,FP_1219.jpg,CAD,1920,1080,landscape,MEDIUM,MEDIUM,,NO,YES,Public_Dataset (Roboflow: kt-nyjuw/floor-plan-nnoub),CC BY 4.0,2026-09-06
FP_1220,FP_1220.jpg,CAD,1920,1080,landscape,MEDIUM,EASY,,NO,YES,Public_Dataset (Roboflow: kt-nyjuw/floor-plan-nnoub),CC BY 4.0,2026-09-06
FP_1221,FP_1221.jpg,CAD,1920,1080,landscape,HIGH,MEDIUM,,NO,YES,Public_Dataset (Roboflow: kt-nyjuw/floor-plan-nnoub),CC BY 4.0,2026-09-06
FP_1222,FP_1222.jpg,CAD,1920,1080,landscape,MEDIUM,EASY,,NO,YES,Public_Dataset (Roboflow: kt-nyjuw/floor-plan-nnoub),CC BY 4.0,2026-09-06
FP_1223,FP_1223.jpg,CAD,1920,1080,landscape,HIGH,EASY,,YES,YES,Public_Dataset (Roboflow: kt-nyjuw/floor-plan-nnoub),CC BY 4.0,2026-09-06
FP_1224,FP_1224.jpg,CAD,1920,1080,landscape,MEDIUM,EASY,,YES,YES,Public_Dataset (Roboflow: kt-nyjuw/floor-plan-nnoub),CC BY 4.0,2026-09-06
FP_1225,FP_1225.jpg,CAD,1920,1080,landscape,MEDIUM,EASY,,NO,YES,Public_Dataset (Roboflow: kt-nyjuw/floor-plan-nnoub),CC BY 4.0,2026-09-06
FP_1226,FP_1226.jpg,CAD,1920,1080,landscape,MEDIUM,EASY,,YES,YES,Public_Dataset (Roboflow: kt-nyjuw/floor-plan-nnoub),CC BY 4.0,2026-09-06
FP_1227,FP_1227.jpg,CAD,1920,1080,landscape,MEDIUM,EASY,,NO,YES,Public_Dataset (Roboflow: kt-nyjuw/floor-plan-nnoub),CC BY 4.0,2026-09-06
FP_1228,FP_1228.jpg,CAD,1920,1080,landscape,MEDIUM,EASY,,YES,YES,Public_Dataset (Roboflow: kt-nyjuw/floor-plan-nnoub),CC BY 4.0,2026-09-06
FP_1229,FP_1229.jpg,CAD,1920,1080,landscape,LOW,MEDIUM,,NO,YES,Public_Dataset (Roboflow: kt-nyjuw/floor-plan-nnoub),CC BY 4.0,2026-09-06
FP_1230,FP_1230.jpg,CAD,1920,1080,landscape,LOW,MEDIUM,,NO,YES,Public_Dataset (Roboflow: kt-nyjuw/floor-plan-nnoub),CC BY 4.0,2026-09-06
FP_1231,FP_1231.jpg,CAD,1920,1080,landscape,MEDIUM,EASY,,NO,YES,Public_Dataset (Roboflow: kt-nyjuw/floor-plan-nnoub),CC BY 4.0,2026-09-06
FP_1232,FP_1232.jpg,CAD,1920,1080,landscape,MEDIUM,EASY,,NO,YES,Public_Dataset (Roboflow: kt-nyjuw/floor-plan-nnoub),CC BY 4.0,2026-09-06
FP_1233,FP_1233.jpg,CAD,1920,1080,landscape,MEDIUM,EASY,,NO,YES,Public_Dataset (Roboflow: kt-nyjuw/floor-plan-nnoub),CC BY 4.0,2026-09-06
FP_1234,FP_1234.jpg,CAD,1920,1080,landscape,HIGH,EASY,,YES,YES,Public_Dataset (Roboflow: kt-nyjuw/floor-plan-nnoub),CC BY 4.0,2026-09-06
FP_1235,FP_1235.jpg,CAD,1920,1080,landscape,MEDIUM,EASY,,NO,YES,Public_Dataset (Roboflow: kt-nyjuw/floor-plan-nnoub),CC BY 4.0,2026-09-06
FP_1236,FP_1236.jpg,CAD,1920,1080,landscape,MEDIUM,EASY,,NO,YES,Public_Dataset (Roboflow: kt-nyjuw/floor-plan-nnoub),CC BY 4.0,2026-09-06
FP_1237,FP_1237.jpg,CAD,1920,1080,landscape,LOW,MEDIUM,,YES,YES,Public_Dataset (Roboflow: kt-nyjuw/floor-plan-nnoub),CC BY 4.0,2026-09-06
FP_1238,FP_1238.jpg,CAD,1920,1080,landscape,LOW,MEDIUM,,NO,YES,Public_Dataset (Roboflow: kt-nyjuw/floor-plan-nnoub),CC BY 4.0,2026-09-06
FP_1239,FP_1239.jpg,CAD,1920,1080,landscape,LOW,MEDIUM,,NO,YES,Public_Dataset (Roboflow: kt-nyjuw/floor-plan-nnoub),CC BY 4.0,2026-09-06
FP_1240,FP_1240.jpg,CAD,1920,1080,landscape,LOW,MEDIUM,,NO,YES,Public_Dataset (Roboflow: kt-nyjuw/floor-plan-nnoub),CC BY 4.0,2026-09-06
FP_1241,FP_1241.jpg,CAD,1920,1080,landscape,LOW,MEDIUM,,NO,YES,Public_Dataset (Roboflow: kt-nyjuw/floor-plan-nnoub),CC BY 4.0,2026-09-06
FP_1242,FP_1242.jpg,CAD,1920,1080,landscape,HIGH,MEDIUM,,YES,YES,Public_Dataset (Roboflow: kt-nyjuw/floor-plan-nnoub),CC BY 4.0,2026-09-06
FP_1243,FP_1243.jpg,CAD,1920,1080,landscape,LOW,MEDIUM,,NO,YES,Public_Dataset (Roboflow: kt-nyjuw/floor-plan-nnoub),CC BY 4.0,2026-09-06
FP_1244,FP_1244.jpg,CAD,1920,1080,landscape,LOW,MEDIUM,,NO,YES,Public_Dataset (Roboflow: kt-nyjuw/floor-plan-nnoub),CC BY 4.0,2026-09-06
FP_1245,FP_1245.jpg,CAD,1920,1080,landscape,MEDIUM,EASY,,NO,YES,Public_Dataset (Roboflow: kt-nyjuw/floor-plan-nnoub),CC BY 4.0,2026-09-06
FP_1246,FP_1246.jpg,CAD,1920,1080,landscape,LOW,MEDIUM,,NO,YES,Public_Dataset (Roboflow: kt-nyjuw/floor-plan-nnoub),CC BY 4.0,2026-09-06
FP_1247,FP_1247.jpg,CAD,1920,1080,landscape,HIGH,EASY,,YES,YES,Public_Dataset (Roboflow: kt-nyjuw/floor-plan-nnoub),CC BY 4.0,2026-09-06
FP_1248,FP_1248.jpg,CAD,1920,1080,landscape,HIGH,EASY,,NO,YES,Public_Dataset (Roboflow: kt-nyjuw/floor-plan-nnoub),CC BY 4.0,2026-09-06
FP_1249,FP_1249.jpg,CAD,1920,1080,landscape,MEDIUM,EASY,,NO,YES,Public_Dataset (Roboflow: kt-nyjuw/floor-plan-nnoub),CC BY 4.0,2026-09-06
FP_1250,FP_1250.jpg,CAD,1920,1080,landscape,LOW,MEDIUM,,NO,YES,Public_Dataset (Roboflow: kt-nyjuw/floor-plan-nnoub),CC BY 4.0,2026-09-06
FP_1251,FP_1251.jpg,CAD,1920,1080,landscape,MEDIUM,EASY,,NO,YES,Public_Dataset (Roboflow: kt-nyjuw/floor-plan-nnoub),CC BY 4.0,2026-09-06
FP_1252,FP_1252.jpg,CAD,1920,1080,landscape,MEDIUM,EASY,,NO,YES,Public_Dataset (Roboflow: kt-nyjuw/floor-plan-nnoub),CC BY 4.0,2026-09-06
FP_1253,FP_1253.jpg,CAD,1920,1080,landscape,HIGH,HARD,,YES,YES,Public_Dataset (Roboflow: kt-nyjuw/floor-plan-nnoub),CC BY 4.0,2026-09-06
FP_1254,FP_1254.jpg,CAD,1920,1080,landscape,MEDIUM,EASY,,NO,YES,Public_Dataset (Roboflow: kt-nyjuw/floor-plan-nnoub),CC BY 4.0,2026-09-06
FP_1255,FP_1255.jpg,CAD,1920,1080,landscape,LOW,HARD,,NO,YES,Public_Dataset (Roboflow: kt-nyjuw/floor-plan-nnoub),CC BY 4.0,2026-09-06
FP_1256,FP_1256.jpg,CAD,1920,1080,landscape,MEDIUM,MEDIUM,,NO,YES,Public_Dataset (Roboflow: kt-nyjuw/floor-plan-nnoub),CC BY 4.0,2026-09-06
FP_1257,FP_1257.jpg,CAD,1920,1080,landscape,MEDIUM,EASY,,NO,YES,Public_Dataset (Roboflow: kt-nyjuw/floor-plan-nnoub),CC BY 4.0,2026-09-06
FP_1258,FP_1258.jpg,CAD,1920,1080,landscape,MEDIUM,EASY,,NO,YES,Public_Dataset (Roboflow: kt-nyjuw/floor-plan-nnoub),CC BY 4.0,2026-09-06
FP_1259,FP_1259.jpg,CAD,1920,1080,landscape,HIGH,EASY,,NO,YES,Public_Dataset (Roboflow: kt-nyjuw/floor-plan-nnoub),CC BY 4.0,2026-09-06
FP_1260,FP_1260.jpg,CAD,1920,1080,landscape,LOW,MEDIUM,,NO,YES,Public_Dataset (Roboflow: kt-nyjuw/floor-plan-nnoub),CC BY 4.0,2026-09-06
FP_1261,FP_1261.jpg,CAD,1920,1080,landscape,HIGH,EASY,,NO,YES,Public_Dataset (Roboflow: kt-nyjuw/floor-plan-nnoub),CC BY 4.0,2026-09-06
FP_1262,FP_1262.jpg,CAD,1920,1080,landscape,HIGH,EASY,,NO,YES,Public_Dataset (Roboflow: kt-nyjuw/floor-plan-nnoub),CC BY 4.0,2026-09-06
FP_1263,FP_1263.jpg,CAD,1920,1080,landscape,HIGH,EASY,,NO,YES,Public_Dataset (Roboflow: kt-nyjuw/floor-plan-nnoub),CC BY 4.0,2026-09-06
FP_1264,FP_1264.jpg,CAD,1920,1080,landscape,LOW,MEDIUM,,NO,YES,Public_Dataset (Roboflow: kt-nyjuw/floor-plan-nnoub),CC BY 4.0,2026-09-06
FP_1265,FP_1265.jpg,CAD,1920,1080,landscape,MEDIUM,EASY,,NO,YES,Public_Dataset (Roboflow: kt-nyjuw/floor-plan-nnoub),CC BY 4.0,2026-09-06
FP_1266,FP_1266.jpg,CAD,1920,1080,landscape,HIGH,EASY,,NO,YES,Public_Dataset (Roboflow: kt-nyjuw/floor-plan-nnoub),CC BY 4.0,2026-09-06
FP_1267,FP_1267.jpg,CAD,1920,1080,landscape,LOW,MEDIUM,,YES,YES,Public_Dataset (Roboflow: kt-nyjuw/floor-plan-nnoub),CC BY 4.0,2026-09-06
FP_1268,FP_1268.jpg,CAD,1920,1080,landscape,LOW,MEDIUM,,YES,YES,Public_Dataset (Roboflow: kt-nyjuw/floor-plan-nnoub),CC BY 4.0,2026-09-06
FP_1269,FP_1269.jpg,CAD,1920,1080,landscape,MEDIUM,MEDIUM,,NO,YES,Public_Dataset (Roboflow: kt-nyjuw/floor-plan-nnoub),CC BY 4.0,2026-09-06
FP_1270,FP_1270.jpg,CAD,1920,1080,landscape,HIGH,EASY,,YES,YES,Public_Dataset (Roboflow: kt-nyjuw/floor-plan-nnoub),CC BY 4.0,2026-09-06
FP_1271,FP_1271.jpg,CAD,1920,1080,landscape,LOW,MEDIUM,,NO,NO,Public_Dataset (Roboflow: kt-nyjuw/floor-plan-nnoub),CC BY 4.0,2026-09-06
FP_1272,FP_1272.jpg,CAD,1920,1080,landscape,MEDIUM,MEDIUM,,NO,YES,Public_Dataset (Roboflow: kt-nyjuw/floor-plan-nnoub),CC BY 4.0,2026-09-06
FP_1273,FP_1273.jpg,CAD,1920,1080,landscape,HIGH,EASY,,NO,YES,Public_Dataset (Roboflow: kt-nyjuw/floor-plan-nnoub),CC BY 4.0,2026-09-06
FP_1274,FP_1274.jpg,CAD,1920,1080,landscape,MEDIUM,MEDIUM,,YES,YES,Public_Dataset (Roboflow: kt-nyjuw/floor-plan-nnoub),CC BY 4.0,2026-09-06
FP_1275,FP_1275.jpg,CAD,1920,1080,landscape,MEDIUM,EASY,,NO,YES,Public_Dataset (Roboflow: kt-nyjuw/floor-plan-nnoub),CC BY 4.0,2026-09-06
FP_1276,FP_1276.jpg,CAD,1920,1080,landscape,MEDIUM,EASY,,NO,NO,Public_Dataset (Roboflow: kt-nyjuw/floor-plan-nnoub),CC BY 4.0,2026-09-06
FP_1277,FP_1277.jpg,CAD,1920,1080,landscape,LOW,MEDIUM,,NO,YES,Public_Dataset (Roboflow: kt-nyjuw/floor-plan-nnoub),CC BY 4.0,2026-09-06
FP_1278,FP_1278.jpg,CAD,1920,1080,landscape,LOW,MEDIUM,,NO,YES,Public_Dataset (Roboflow: kt-nyjuw/floor-plan-nnoub),CC BY 4.0,2026-09-06
FP_1279,FP_1279.jpg,CAD,1920,1080,landscape,HIGH,EASY,,NO,YES,Public_Dataset (Roboflow: kt-nyjuw/floor-plan-nnoub),CC BY 4.0,2026-09-06
FP_1280,FP_1280.jpg,CAD,1920,1080,landscape,MEDIUM,EASY,,YES,YES,Public_Dataset (Roboflow: kt-nyjuw/floor-plan-nnoub),CC BY 4.0,2026-09-06
FP_1281,FP_1281.jpg,CAD,1920,1080,landscape,LOW,MEDIUM,,NO,YES,Public_Dataset (Roboflow: kt-nyjuw/floor-plan-nnoub),CC BY 4.0,2026-09-06
FP_1282,FP_1282.jpg,CAD,1920,1080,landscape,HIGH,EASY,,YES,YES,Public_Dataset (Roboflow: kt-nyjuw/floor-plan-nnoub),CC BY 4.0,2026-09-06
FP_1283,FP_1283.jpg,CAD,1920,1080,landscape,LOW,MEDIUM,,NO,YES,Public_Dataset (Roboflow: kt-nyjuw/floor-plan-nnoub),CC BY 4.0,2026-09-06
FP_1284,FP_1284.jpg,CAD,1920,1080,landscape,MEDIUM,EASY,,YES,YES,Public_Dataset (Roboflow: kt-nyjuw/floor-plan-nnoub),CC BY 4.0,2026-09-06
FP_1285,FP_1285.jpg,CAD,1920,1080,landscape,HIGH,MEDIUM,,NO,YES,Public_Dataset (Roboflow: kt-nyjuw/floor-plan-nnoub),CC BY 4.0,2026-09-06
FP_1286,FP_1286.jpg,CAD,1920,1080,landscape,LOW,MEDIUM,,NO,YES,Public_Dataset (Roboflow: kt-nyjuw/floor-plan-nnoub),CC BY 4.0,2026-09-06
FP_1287,FP_1287.jpg,CAD,1920,1080,landscape,HIGH,MEDIUM,,NO,YES,Public_Dataset (Roboflow: kt-nyjuw/floor-plan-nnoub),CC BY 4.0,2026-09-06
FP_1288,FP_1288.jpg,CAD,1920,1080,landscape,LOW,MEDIUM,,NO,YES,Public_Dataset (Roboflow: kt-nyjuw/floor-plan-nnoub),CC BY 4.0,2026-09-06
FP_1289,FP_1289.jpg,CAD,1920,1080,landscape,LOW,MEDIUM,,NO,YES,Public_Dataset (Roboflow: kt-nyjuw/floor-plan-nnoub),CC BY 4.0,2026-09-06
FP_1290,FP_1290.jpg,CAD,1920,1080,landscape,HIGH,HARD,,NO,YES,Public_Dataset (Roboflow: kt-nyjuw/floor-plan-nnoub),CC BY 4.0,2026-09-06
FP_1291,FP_1291.jpg,CAD,1920,1080,landscape,HIGH,EASY,,YES,YES,Public_Dataset (Roboflow: kt-nyjuw/floor-plan-nnoub),CC BY 4.0,2026-09-06
FP_1292,FP_1292.jpg,CAD,1920,1080,landscape,HIGH,MEDIUM,,NO,YES,Public_Dataset (Roboflow: kt-nyjuw/floor-plan-nnoub),CC BY 4.0,2026-09-06
FP_1293,FP_1293.jpg,CAD,1920,1080,landscape,MEDIUM,MEDIUM,,YES,YES,Public_Dataset (Roboflow: kt-nyjuw/floor-plan-nnoub),CC BY 4.0,2026-09-06
FP_1294,FP_1294.jpg,CAD,1920,1080,landscape,LOW,MEDIUM,,NO,YES,Public_Dataset (Roboflow: kt-nyjuw/floor-plan-nnoub),CC BY 4.0,2026-09-06
FP_1295,FP_1295.jpg,CAD,1920,1080,landscape,LOW,MEDIUM,,NO,YES,Public_Dataset (Roboflow: kt-nyjuw/floor-plan-nnoub),CC BY 4.0,2026-09-06
FP_1296,FP_1296.jpg,CAD,1920,1080,landscape,HIGH,MEDIUM,,YES,YES,Public_Dataset (Roboflow: kt-nyjuw/floor-plan-nnoub),CC BY 4.0,2026-09-06
FP_1297,FP_1297.jpg,CAD,1920,1080,landscape,LOW,MEDIUM,,YES,YES,Public_Dataset (Roboflow: kt-nyjuw/floor-plan-nnoub),CC BY 4.0,2026-09-06
FP_1298,FP_1298.jpg,CAD,1920,1080,landscape,MEDIUM,EASY,,YES,YES,Public_Dataset (Roboflow: kt-nyjuw/floor-plan-nnoub),CC BY 4.0,2026-09-06
FP_1299,FP_1299.jpg,CAD,1920,1080,landscape,LOW,MEDIUM,,NO,YES,Public_Dataset (Roboflow: kt-nyjuw/floor-plan-nnoub),CC BY 4.0,2026-09-06
FP_1300,FP_1300.jpg,CAD,1920,1080,landscape,MEDIUM,MEDIUM,,NO,YES,Public_Dataset (Roboflow: kt-nyjuw/floor-plan-nnoub),CC BY 4.0,2026-09-06
FP_1301,FP_1301.jpg,CAD,1920,1080,landscape,LOW,MEDIUM,,YES,YES,Public_Dataset (Roboflow: kt-nyjuw/floor-plan-nnoub),CC BY 4.0,2026-09-06
FP_1302,FP_1302.jpg,CAD,1920,1080,landscape,LOW,MEDIUM,,NO,NO,Public_Dataset (Roboflow: kt-nyjuw/floor-plan-nnoub),CC BY 4.0,2026-09-06
FP_1303,FP_1303.jpg,CAD,1920,1080,landscape,LOW,HARD,,NO,YES,Public_Dataset (Roboflow: kt-nyjuw/floor-plan-nnoub),CC BY 4.0,2026-09-06
FP_1304,FP_1304.jpg,CAD,1920,1080,landscape,LOW,MEDIUM,,NO,YES,Public_Dataset (Roboflow: kt-nyjuw/floor-plan-nnoub),CC BY 4.0,2026-09-06
FP_1305,FP_1305.jpg,CAD,1920,1080,landscape,MEDIUM,MEDIUM,,YES,YES,Public_Dataset (Roboflow: kt-nyjuw/floor-plan-nnoub),CC BY 4.0,2026-09-06
FP_1306,FP_1306.jpg,CAD,1920,1080,landscape,LOW,MEDIUM,,NO,YES,Public_Dataset (Roboflow: kt-nyjuw/floor-plan-nnoub),CC BY 4.0,2026-09-06
FP_1307,FP_1307.jpg,CAD,1920,1080,landscape,LOW,MEDIUM,,NO,YES,Public_Dataset (Roboflow: kt-nyjuw/floor-plan-nnoub),CC BY 4.0,2026-09-06
FP_1308,FP_1308.jpg,CAD,1920,1080,landscape,LOW,MEDIUM,,NO,YES,Public_Dataset (Roboflow: kt-nyjuw/floor-plan-nnoub),CC BY 4.0,2026-09-06
FP_1309,FP_1309.jpg,CAD,1920,1080,landscape,LOW,HARD,,NO,YES,Public_Dataset (Roboflow: kt-nyjuw/floor-plan-nnoub),CC BY 4.0,2026-09-06
FP_1310,FP_1310.jpg,CAD,1920,1080,landscape,LOW,MEDIUM,,NO,YES,Public_Dataset (Roboflow: kt-nyjuw/floor-plan-nnoub),CC BY 4.0,2026-09-06
FP_1311,FP_1311.jpg,CAD,1920,1080,landscape,LOW,MEDIUM,,NO,YES,Public_Dataset (Roboflow: kt-nyjuw/floor-plan-nnoub),CC BY 4.0,2026-09-06
FP_1312,FP_1312.jpg,CAD,1920,1080,landscape,LOW,MEDIUM,,NO,YES,Public_Dataset (Roboflow: kt-nyjuw/floor-plan-nnoub),CC BY 4.0,2026-09-06
FP_1313,FP_1313.jpg,CAD,1920,1080,landscape,LOW,MEDIUM,,NO,YES,Public_Dataset (Roboflow: kt-nyjuw/floor-plan-nnoub),CC BY 4.0,2026-09-06
FP_1314,FP_1314.jpg,CAD,1920,1080,landscape,LOW,MEDIUM,,NO,YES,Public_Dataset (Roboflow: kt-nyjuw/floor-plan-nnoub),CC BY 4.0,2026-09-06
FP_1315,FP_1315.jpg,CAD,1920,1080,landscape,LOW,MEDIUM,,NO,YES,Public_Dataset (Roboflow: kt-nyjuw/floor-plan-nnoub),CC BY 4.0,2026-09-06
FP_1316,FP_1316.jpg,CAD,1920,1080,landscape,LOW,MEDIUM,,NO,YES,Public_Dataset (Roboflow: kt-nyjuw/floor-plan-nnoub),CC BY 4.0,2026-09-06
FP_1317,FP_1317.jpg,CAD,1920,1080,landscape,LOW,MEDIUM,,NO,YES,Public_Dataset (Roboflow: kt-nyjuw/floor-plan-nnoub),CC BY 4.0,2026-09-06
FP_1318,FP_1318.jpg,CAD,1920,1080,landscape,LOW,MEDIUM,,NO,YES,Public_Dataset (Roboflow: kt-nyjuw/floor-plan-nnoub),CC BY 4.0,2026-09-06
FP_1319,FP_1319.jpg,CAD,1920,1080,landscape,MEDIUM,EASY,,NO,YES,Public_Dataset (Roboflow: kt-nyjuw/floor-plan-nnoub),CC BY 4.0,2026-09-06
FP_1320,FP_1320.jpg,CAD,1920,1080,landscape,LOW,MEDIUM,,NO,YES,Public_Dataset (Roboflow: kt-nyjuw/floor-plan-nnoub),CC BY 4.0,2026-09-06
FP_1321,FP_1321.jpg,CAD,1920,1080,landscape,LOW,MEDIUM,,NO,NO,Public_Dataset (Roboflow: kt-nyjuw/floor-plan-nnoub),CC BY 4.0,2026-09-06
FP_1322,FP_1322.jpg,CAD,1920,1080,landscape,LOW,MEDIUM,,NO,YES,Public_Dataset (Roboflow: kt-nyjuw/floor-plan-nnoub),CC BY 4.0,2026-09-06
FP_1323,FP_1323.jpg,CAD,1920,1080,landscape,LOW,MEDIUM,,NO,YES,Public_Dataset (Roboflow: kt-nyjuw/floor-plan-nnoub),CC BY 4.0,2026-09-06
FP_1324,FP_1324.jpg,CAD,1920,1080,landscape,LOW,MEDIUM,,NO,YES,Public_Dataset (Roboflow: kt-nyjuw/floor-plan-nnoub),CC BY 4.0,2026-09-06
FP_1325,FP_1325.jpg,CAD,1920,1080,landscape,LOW,MEDIUM,,NO,NO,Public_Dataset (Roboflow: kt-nyjuw/floor-plan-nnoub),CC BY 4.0,2026-09-06
FP_1326,FP_1326.jpg,CAD,1920,1080,landscape,MEDIUM,EASY,,YES,YES,Public_Dataset (Roboflow: kt-nyjuw/floor-plan-nnoub),CC BY 4.0,2026-09-06
FP_1327,FP_1327.jpg,CAD,1920,1080,landscape,HIGH,MEDIUM,,YES,YES,Public_Dataset (Roboflow: kt-nyjuw/floor-plan-nnoub),CC BY 4.0,2026-09-06
FP_1328,FP_1328.jpg,CAD,1920,1080,landscape,LOW,MEDIUM,,NO,YES,Public_Dataset (Roboflow: kt-nyjuw/floor-plan-nnoub),CC BY 4.0,2026-09-06
FP_1329,FP_1329.jpg,CAD,1920,1080,landscape,HIGH,MEDIUM,,NO,YES,Public_Dataset (Roboflow: kt-nyjuw/floor-plan-nnoub),CC BY 4.0,2026-09-06
FP_1330,FP_1330.jpg,CAD,1920,1080,landscape,HIGH,EASY,,NO,YES,Public_Dataset (Roboflow: kt-nyjuw/floor-plan-nnoub),CC BY 4.0,2026-09-06
FP_1331,FP_1331.jpg,CAD,1920,1080,landscape,HIGH,EASY,,YES,YES,Public_Dataset (Roboflow: kt-nyjuw/floor-plan-nnoub),CC BY 4.0,2026-09-06
FP_1332,FP_1332.jpg,CAD,1920,1080,landscape,HIGH,MEDIUM,,YES,YES,Public_Dataset (Roboflow: kt-nyjuw/floor-plan-nnoub),CC BY 4.0,2026-09-06
FP_1333,FP_1333.jpg,CAD,1920,1080,landscape,MEDIUM,EASY,,NO,YES,Public_Dataset (Roboflow: kt-nyjuw/floor-plan-nnoub),CC BY 4.0,2026-09-06
FP_1334,FP_1334.jpg,CAD,1920,1080,landscape,LOW,MEDIUM,,YES,YES,Public_Dataset (Roboflow: kt-nyjuw/floor-plan-nnoub),CC BY 4.0,2026-09-06
FP_1335,FP_1335.jpg,CAD,1920,1080,landscape,HIGH,MEDIUM,,NO,YES,Public_Dataset (Roboflow: kt-nyjuw/floor-plan-nnoub),CC BY 4.0,2026-09-06
FP_1336,FP_1336.jpg,CAD,1920,1080,landscape,HIGH,MEDIUM,,NO,YES,Public_Dataset (Roboflow: kt-nyjuw/floor-plan-nnoub),CC BY 4.0,2026-09-06
FP_1337,FP_1337.jpg,CAD,1920,1080,landscape,MEDIUM,MEDIUM,,YES,YES,Public_Dataset (Roboflow: kt-nyjuw/floor-plan-nnoub),CC BY 4.0,2026-09-06
FP_1338,FP_1338.jpg,CAD,1920,1080,landscape,MEDIUM,MEDIUM,,YES,YES,Public_Dataset (Roboflow: kt-nyjuw/floor-plan-nnoub),CC BY 4.0,2026-09-06
FP_1339,FP_1339.jpg,CAD,1920,1080,landscape,MEDIUM,MEDIUM,,NO,YES,Public_Dataset (Roboflow: kt-nyjuw/floor-plan-nnoub),CC BY 4.0,2026-09-06
FP_1340,FP_1340.jpg,CAD,1920,1080,landscape,HIGH,MEDIUM,,NO,YES,Public_Dataset (Roboflow: kt-nyjuw/floor-plan-nnoub),CC BY 4.0,2026-09-06
FP_1341,FP_1341.jpg,CAD,1920,1080,landscape,HIGH,MEDIUM,,YES,YES,Public_Dataset (Roboflow: kt-nyjuw/floor-plan-nnoub),CC BY 4.0,2026-09-06
FP_1342,FP_1342.jpg,CAD,1920,1080,landscape,HIGH,MEDIUM,,NO,YES,Public_Dataset (Roboflow: kt-nyjuw/floor-plan-nnoub),CC BY 4.0,2026-09-06
FP_1343,FP_1343.jpg,CAD,1920,1080,landscape,HIGH,MEDIUM,,NO,YES,Public_Dataset (Roboflow: kt-nyjuw/floor-plan-nnoub),CC BY 4.0,2026-09-06
FP_1344,FP_1344.jpg,CAD,1920,1080,landscape,LOW,MEDIUM,,NO,YES,Public_Dataset (Roboflow: kt-nyjuw/floor-plan-nnoub),CC BY 4.0,2026-09-06
FP_1345,FP_1345.jpg,CAD,1920,1080,landscape,HIGH,MEDIUM,,YES,YES,Public_Dataset (Roboflow: kt-nyjuw/floor-plan-nnoub),CC BY 4.0,2026-09-06
FP_1346,FP_1346.jpg,CAD,1920,1080,landscape,MEDIUM,MEDIUM,,NO,YES,Public_Dataset (Roboflow: kt-nyjuw/floor-plan-nnoub),CC BY 4.0,2026-09-06
FP_1347,FP_1347.jpg,CAD,1920,1080,landscape,MEDIUM,MEDIUM,,YES,YES,Public_Dataset (Roboflow: kt-nyjuw/floor-plan-nnoub),CC BY 4.0,2026-09-06
FP_1348,FP_1348.jpg,CAD,1920,1080,landscape,MEDIUM,MEDIUM,,NO,YES,Public_Dataset (Roboflow: kt-nyjuw/floor-plan-nnoub),CC BY 4.0,2026-09-06
FP_1349,FP_1349.jpg,CAD,1920,1080,landscape,HIGH,MEDIUM,,YES,YES,Public_Dataset (Roboflow: kt-nyjuw/floor-plan-nnoub),CC BY 4.0,2026-09-06
FP_1350,FP_1350.jpg,CAD,1920,1080,landscape,HIGH,MEDIUM,,NO,YES,Public_Dataset (Roboflow: kt-nyjuw/floor-plan-nnoub),CC BY 4.0,2026-09-06
FP_1351,FP_1351.jpg,CAD,1920,1080,landscape,LOW,MEDIUM,,NO,YES,Public_Dataset (Roboflow: kt-nyjuw/floor-plan-nnoub),CC BY 4.0,2026-09-06
FP_1352,FP_1352.jpg,CAD,1920,1080,landscape,HIGH,MEDIUM,,YES,YES,Public_Dataset (Roboflow: kt-nyjuw/floor-plan-nnoub),CC BY 4.0,2026-09-06
FP_1353,FP_1353.jpg,CAD,1920,1080,landscape,LOW,MEDIUM,,YES,YES,Public_Dataset (Roboflow: kt-nyjuw/floor-plan-nnoub),CC BY 4.0,2026-09-06
FP_1354,FP_1354.jpg,CAD,1920,1080,landscape,HIGH,EASY,,YES,YES,Public_Dataset (Roboflow: kt-nyjuw/floor-plan-nnoub),CC BY 4.0,2026-09-06
FP_1355,FP_1355.jpg,CAD,1920,1080,landscape,MEDIUM,MEDIUM,,YES,YES,Public_Dataset (Roboflow: kt-nyjuw/floor-plan-nnoub),CC BY 4.0,2026-09-06
FP_1356,FP_1356.jpg,CAD,1920,1080,landscape,LOW,MEDIUM,,YES,YES,Public_Dataset (Roboflow: kt-nyjuw/floor-plan-nnoub),CC BY 4.0,2026-09-06
FP_1357,FP_1357.jpg,CAD,1920,1080,landscape,MEDIUM,EASY,,NO,YES,Public_Dataset (Roboflow: kt-nyjuw/floor-plan-nnoub),CC BY 4.0,2026-09-06
FP_1358,FP_1358.jpg,CAD,1920,1080,landscape,HIGH,EASY,,YES,YES,Public_Dataset (Roboflow: kt-nyjuw/floor-plan-nnoub),CC BY 4.0,2026-09-06
FP_1359,FP_1359.jpg,CAD,1920,1080,landscape,HIGH,EASY,,NO,YES,Public_Dataset (Roboflow: kt-nyjuw/floor-plan-nnoub),CC BY 4.0,2026-09-06
FP_1360,FP_1360.jpg,CAD,1920,1080,landscape,MEDIUM,MEDIUM,,NO,YES,Public_Dataset (Roboflow: kt-nyjuw/floor-plan-nnoub),CC BY 4.0,2026-09-06
FP_1361,FP_1361.jpg,CAD,1920,1080,landscape,MEDIUM,MEDIUM,,NO,YES,Public_Dataset (Roboflow: kt-nyjuw/floor-plan-nnoub),CC BY 4.0,2026-09-06
FP_1362,FP_1362.jpg,CAD,1920,1080,landscape,MEDIUM,EASY,,YES,YES,Public_Dataset (Roboflow: kt-nyjuw/floor-plan-nnoub),CC BY 4.0,2026-09-06
FP_1363,FP_1363.jpg,CAD,1920,1080,landscape,MEDIUM,EASY,,NO,YES,Public_Dataset (Roboflow: kt-nyjuw/floor-plan-nnoub),CC BY 4.0,2026-09-06
FP_1364,FP_1364.jpg,CAD,1920,1080,landscape,MEDIUM,MEDIUM,,NO,YES,Public_Dataset (Roboflow: kt-nyjuw/floor-plan-nnoub),CC BY 4.0,2026-09-06
FP_1365,FP_1365.jpg,CAD,1920,1080,landscape,MEDIUM,MEDIUM,,YES,YES,Public_Dataset (Roboflow: kt-nyjuw/floor-plan-nnoub),CC BY 4.0,2026-09-06
FP_1366,FP_1366.jpg,CAD,1920,1080,landscape,MEDIUM,MEDIUM,,NO,YES,Public_Dataset (Roboflow: kt-nyjuw/floor-plan-nnoub),CC BY 4.0,2026-09-06
FP_1367,FP_1367.jpg,CAD,1920,1080,landscape,HIGH,EASY,,NO,YES,Public_Dataset (Roboflow: kt-nyjuw/floor-plan-nnoub),CC BY 4.0,2026-09-06
FP_1368,FP_1368.jpg,CAD,1920,1080,landscape,MEDIUM,EASY,,NO,YES,Public_Dataset (Roboflow: kt-nyjuw/floor-plan-nnoub),CC BY 4.0,2026-09-06
FP_1369,FP_1369.jpg,CAD,1920,1080,landscape,MEDIUM,EASY,,NO,YES,Public_Dataset (Roboflow: kt-nyjuw/floor-plan-nnoub),CC BY 4.0,2026-09-06
FP_1370,FP_1370.jpg,CAD,1920,1080,landscape,HIGH,MEDIUM,,NO,YES,Public_Dataset (Roboflow: kt-nyjuw/floor-plan-nnoub),CC BY 4.0,2026-09-06
FP_1371,FP_1371.jpg,CAD,1920,1080,landscape,MEDIUM,MEDIUM,,NO,YES,Public_Dataset (Roboflow: kt-nyjuw/floor-plan-nnoub),CC BY 4.0,2026-09-06
FP_1372,FP_1372.jpg,CAD,1920,1080,landscape,MEDIUM,MEDIUM,,NO,YES,Public_Dataset (Roboflow: kt-nyjuw/floor-plan-nnoub),CC BY 4.0,2026-09-06
FP_1373,FP_1373.jpg,CAD,1920,1080,landscape,HIGH,EASY,,NO,YES,Public_Dataset (Roboflow: kt-nyjuw/floor-plan-nnoub),CC BY 4.0,2026-09-06
FP_1374,FP_1374.jpg,CAD,1920,1080,landscape,LOW,MEDIUM,,YES,YES,Public_Dataset (Roboflow: kt-nyjuw/floor-plan-nnoub),CC BY 4.0,2026-09-06
FP_1375,FP_1375.jpg,CAD,1920,1080,landscape,HIGH,MEDIUM,,YES,YES,Public_Dataset (Roboflow: kt-nyjuw/floor-plan-nnoub),CC BY 4.0,2026-09-06
FP_1376,FP_1376.jpg,CAD,1920,1080,landscape,MEDIUM,EASY,,NO,YES,Public_Dataset (Roboflow: kt-nyjuw/floor-plan-nnoub),CC BY 4.0,2026-09-06
FP_1377,FP_1377.jpg,CAD,1920,1080,landscape,LOW,MEDIUM,,YES,YES,Public_Dataset (Roboflow: kt-nyjuw/floor-plan-nnoub),CC BY 4.0,2026-09-06
FP_1378,FP_1378.jpg,CAD,1920,1080,landscape,HIGH,MEDIUM,,YES,YES,Public_Dataset (Roboflow: kt-nyjuw/floor-plan-nnoub),CC BY 4.0,2026-09-06
FP_1379,FP_1379.jpg,CAD,1920,1080,landscape,LOW,MEDIUM,,YES,YES,Public_Dataset (Roboflow: kt-nyjuw/floor-plan-nnoub),CC BY 4.0,2026-09-06
FP_1380,FP_1380.jpg,CAD,1920,1080,landscape,HIGH,MEDIUM,,YES,YES,Public_Dataset (Roboflow: kt-nyjuw/floor-plan-nnoub),CC BY 4.0,2026-09-06
FP_1381,FP_1381.jpg,CAD,1920,1080,landscape,LOW,MEDIUM,,YES,YES,Public_Dataset (Roboflow: kt-nyjuw/floor-plan-nnoub),CC BY 4.0,2026-09-06
FP_1382,FP_1382.jpg,CAD,1920,1080,landscape,LOW,MEDIUM,,NO,YES,Public_Dataset (Roboflow: kt-nyjuw/floor-plan-nnoub),CC BY 4.0,2026-09-06
FP_1383,FP_1383.jpg,CAD,1920,1080,landscape,LOW,MEDIUM,,NO,YES,Public_Dataset (Roboflow: kt-nyjuw/floor-plan-nnoub),CC BY 4.0,2026-09-06
FP_1384,FP_1384.jpg,CAD,1920,1080,landscape,LOW,MEDIUM,,YES,YES,Public_Dataset (Roboflow: kt-nyjuw/floor-plan-nnoub),CC BY 4.0,2026-09-06
FP_1385,FP_1385.jpg,CAD,1920,1080,landscape,MEDIUM,EASY,,NO,YES,Public_Dataset (Roboflow: kt-nyjuw/floor-plan-nnoub),CC BY 4.0,2026-09-06
FP_1386,FP_1386.jpg,CAD,1920,1080,landscape,MEDIUM,MEDIUM,,NO,YES,Public_Dataset (Roboflow: kt-nyjuw/floor-plan-nnoub),CC BY 4.0,2026-09-06
FP_1387,FP_1387.jpg,CAD,1920,1080,landscape,HIGH,EASY,,YES,YES,Public_Dataset (Roboflow: kt-nyjuw/floor-plan-nnoub),CC BY 4.0,2026-09-06
FP_1388,FP_1388.jpg,CAD,1920,1080,landscape,HIGH,MEDIUM,,YES,YES,Public_Dataset (Roboflow: kt-nyjuw/floor-plan-nnoub),CC BY 4.0,2026-09-06
FP_1389,FP_1389.jpg,CAD,1920,1080,landscape,LOW,MEDIUM,,NO,YES,Public_Dataset (Roboflow: kt-nyjuw/floor-plan-nnoub),CC BY 4.0,2026-09-06
FP_1390,FP_1390.jpg,CAD,1920,1080,landscape,MEDIUM,MEDIUM,,NO,YES,Public_Dataset (Roboflow: kt-nyjuw/floor-plan-nnoub),CC BY 4.0,2026-09-06
FP_1391,FP_1391.jpg,CAD,1920,1080,landscape,MEDIUM,MEDIUM,,YES,YES,Public_Dataset (Roboflow: kt-nyjuw/floor-plan-nnoub),CC BY 4.0,2026-09-06
FP_1392,FP_1392.jpg,CAD,1920,1080,landscape,HIGH,EASY,,NO,YES,Public_Dataset (Roboflow: kt-nyjuw/floor-plan-nnoub),CC BY 4.0,2026-09-06
FP_1393,FP_1393.jpg,CAD,1920,1080,landscape,LOW,MEDIUM,,NO,YES,Public_Dataset (Roboflow: kt-nyjuw/floor-plan-nnoub),CC BY 4.0,2026-09-06
FP_1394,FP_1394.jpg,CAD,1920,1080,landscape,MEDIUM,EASY,,NO,YES,Public_Dataset (Roboflow: kt-nyjuw/floor-plan-nnoub),CC BY 4.0,2026-09-06
FP_1395,FP_1395.jpg,CAD,1920,1080,landscape,MEDIUM,EASY,,NO,YES,Public_Dataset (Roboflow: kt-nyjuw/floor-plan-nnoub),CC BY 4.0,2026-09-06
FP_1396,FP_1396.jpg,CAD,1920,1080,landscape,HIGH,MEDIUM,,NO,NO,Public_Dataset (Roboflow: kt-nyjuw/floor-plan-nnoub),CC BY 4.0,2026-09-06
FP_1397,FP_1397.jpg,CAD,1920,1080,landscape,HIGH,EASY,,NO,YES,Public_Dataset (Roboflow: kt-nyjuw/floor-plan-nnoub),CC BY 4.0,2026-09-06
FP_1398,FP_1398.jpg,CAD,1920,1080,landscape,HIGH,EASY,,YES,YES,Public_Dataset (Roboflow: kt-nyjuw/floor-plan-nnoub),CC BY 4.0,2026-09-06
FP_1399,FP_1399.jpg,CAD,1920,1080,landscape,HIGH,MEDIUM,,NO,YES,Public_Dataset (Roboflow: kt-nyjuw/floor-plan-nnoub),CC BY 4.0,2026-09-06
FP_1400,FP_1400.jpg,CAD,1920,1080,landscape,HIGH,MEDIUM,,NO,YES,Public_Dataset (Roboflow: kt-nyjuw/floor-plan-nnoub),CC BY 4.0,2026-09-06
FP_1401,FP_1401.jpg,CAD,1920,1080,landscape,MEDIUM,MEDIUM,,NO,YES,Public_Dataset (Roboflow: kt-nyjuw/floor-plan-nnoub),CC BY 4.0,2026-09-06
FP_1402,FP_1402.jpg,CAD,1920,1080,landscape,MEDIUM,MEDIUM,,NO,YES,Public_Dataset (Roboflow: kt-nyjuw/floor-plan-nnoub),CC BY 4.0,2026-09-06
FP_1403,FP_1403.jpg,CAD,1920,1080,landscape,HIGH,MEDIUM,,NO,YES,Public_Dataset (Roboflow: kt-nyjuw/floor-plan-nnoub),CC BY 4.0,2026-09-06
FP_1404,FP_1404.jpg,CAD,1920,1080,landscape,LOW,MEDIUM,,YES,YES,Public_Dataset (Roboflow: kt-nyjuw/floor-plan-nnoub),CC BY 4.0,2026-09-06
FP_1405,FP_1405.jpg,CAD,1920,1080,landscape,HIGH,MEDIUM,,YES,YES,Public_Dataset (Roboflow: kt-nyjuw/floor-plan-nnoub),CC BY 4.0,2026-09-06
FP_1406,FP_1406.jpg,CAD,1920,1080,landscape,MEDIUM,MEDIUM,,YES,YES,Public_Dataset (Roboflow: kt-nyjuw/floor-plan-nnoub),CC BY 4.0,2026-09-06
FP_1407,FP_1407.jpg,CAD,1920,1080,landscape,HIGH,MEDIUM,,NO,YES,Public_Dataset (Roboflow: kt-nyjuw/floor-plan-nnoub),CC BY 4.0,2026-09-06
FP_1408,FP_1408.jpg,CAD,1920,1080,landscape,HIGH,EASY,,YES,YES,Public_Dataset (Roboflow: kt-nyjuw/floor-plan-nnoub),CC BY 4.0,2026-09-06
FP_1409,FP_1409.jpg,CAD,1920,1080,landscape,LOW,MEDIUM,,NO,YES,Public_Dataset (Roboflow: kt-nyjuw/floor-plan-nnoub),CC BY 4.0,2026-09-06
FP_1410,FP_1410.jpg,CAD,1920,1080,landscape,HIGH,MEDIUM,,YES,YES,Public_Dataset (Roboflow: kt-nyjuw/floor-plan-nnoub),CC BY 4.0,2026-09-06
FP_1411,FP_1411.jpg,CAD,1920,1080,landscape,MEDIUM,MEDIUM,,YES,YES,Public_Dataset (Roboflow: kt-nyjuw/floor-plan-nnoub),CC BY 4.0,2026-09-06
FP_1412,FP_1412.jpg,CAD,1920,1080,landscape,HIGH,EASY,,NO,YES,Public_Dataset (Roboflow: kt-nyjuw/floor-plan-nnoub),CC BY 4.0,2026-09-06
FP_1413,FP_1413.jpg,CAD,1920,1080,landscape,MEDIUM,EASY,,NO,YES,Public_Dataset (Roboflow: kt-nyjuw/floor-plan-nnoub),CC BY 4.0,2026-09-06
FP_1414,FP_1414.jpg,CAD,1920,1080,landscape,LOW,HARD,,NO,YES,Public_Dataset (Roboflow: kt-nyjuw/floor-plan-nnoub),CC BY 4.0,2026-09-06
FP_1415,FP_1415.jpg,CAD,1920,1080,landscape,HIGH,EASY,,YES,YES,Public_Dataset (Roboflow: kt-nyjuw/floor-plan-nnoub),CC BY 4.0,2026-09-06
FP_1416,FP_1416.jpg,CAD,1920,1080,landscape,LOW,MEDIUM,,NO,YES,Public_Dataset (Roboflow: kt-nyjuw/floor-plan-nnoub),CC BY 4.0,2026-09-06
FP_1417,FP_1417.jpg,CAD,1920,1080,landscape,HIGH,EASY,,YES,YES,Public_Dataset (Roboflow: kt-nyjuw/floor-plan-nnoub),CC BY 4.0,2026-09-06
FP_1418,FP_1418.jpg,CAD,1920,1080,landscape,HIGH,EASY,,NO,NO,Public_Dataset (Roboflow: kt-nyjuw/floor-plan-nnoub),CC BY 4.0,2026-09-06
FP_1419,FP_1419.jpg,CAD,1920,1080,landscape,HIGH,EASY,,NO,YES,Public_Dataset (Roboflow: kt-nyjuw/floor-plan-nnoub),CC BY 4.0,2026-09-06
FP_1420,FP_1420.jpg,CAD,1920,1080,landscape,MEDIUM,EASY,,NO,YES,Public_Dataset (Roboflow: kt-nyjuw/floor-plan-nnoub),CC BY 4.0,2026-09-06
FP_1421,FP_1421.jpg,CAD,1920,1080,landscape,MEDIUM,EASY,,NO,YES,Public_Dataset (Roboflow: kt-nyjuw/floor-plan-nnoub),CC BY 4.0,2026-09-06
FP_1422,FP_1422.jpg,CAD,1920,1080,landscape,HIGH,EASY,,YES,YES,Public_Dataset (Roboflow: kt-nyjuw/floor-plan-nnoub),CC BY 4.0,2026-09-06
FP_1423,FP_1423.jpg,CAD,1920,1080,landscape,HIGH,EASY,,NO,YES,Public_Dataset (Roboflow: kt-nyjuw/floor-plan-nnoub),CC BY 4.0,2026-09-06
FP_1424,FP_1424.jpg,CAD,1920,1080,landscape,MEDIUM,EASY,,NO,YES,Public_Dataset (Roboflow: kt-nyjuw/floor-plan-nnoub),CC BY 4.0,2026-09-06
FP_1425,FP_1425.jpg,CAD,1920,1080,landscape,MEDIUM,EASY,,NO,YES,Public_Dataset (Roboflow: kt-nyjuw/floor-plan-nnoub),CC BY 4.0,2026-09-06
FP_1426,FP_1426.jpg,CAD,1920,1080,landscape,MEDIUM,EASY,,NO,YES,Public_Dataset (Roboflow: kt-nyjuw/floor-plan-nnoub),CC BY 4.0,2026-09-06
FP_1427,FP_1427.jpg,CAD,1920,1080,landscape,HIGH,EASY,,NO,YES,Public_Dataset (Roboflow: kt-nyjuw/floor-plan-nnoub),CC BY 4.0,2026-09-06
FP_1428,FP_1428.jpg,CAD,1920,1080,landscape,LOW,MEDIUM,,YES,YES,Public_Dataset (Roboflow: kt-nyjuw/floor-plan-nnoub),CC BY 4.0,2026-09-06
FP_1429,FP_1429.jpg,CAD,1920,1080,landscape,MEDIUM,EASY,,NO,YES,Public_Dataset (Roboflow: kt-nyjuw/floor-plan-nnoub),CC BY 4.0,2026-09-06
FP_1430,FP_1430.jpg,CAD,1920,1080,landscape,LOW,MEDIUM,,NO,YES,Public_Dataset (Roboflow: kt-nyjuw/floor-plan-nnoub),CC BY 4.0,2026-09-06
FP_1431,FP_1431.jpg,CAD,1920,1080,landscape,HIGH,EASY,,NO,YES,Public_Dataset (Roboflow: kt-nyjuw/floor-plan-nnoub),CC BY 4.0,2026-09-06
FP_1432,FP_1432.jpg,CAD,1920,1080,landscape,LOW,MEDIUM,,NO,YES,Public_Dataset (Roboflow: kt-nyjuw/floor-plan-nnoub),CC BY 4.0,2026-09-06
FP_1433,FP_1433.jpg,CAD,1920,1080,landscape,MEDIUM,EASY,,NO,YES,Public_Dataset (Roboflow: kt-nyjuw/floor-plan-nnoub),CC BY 4.0,2026-09-06
FP_1434,FP_1434.jpg,CAD,1920,1080,landscape,LOW,HARD,,NO,YES,Public_Dataset (Roboflow: kt-nyjuw/floor-plan-nnoub),CC BY 4.0,2026-09-06
FP_1435,FP_1435.jpg,CAD,1920,1080,landscape,MEDIUM,EASY,,NO,YES,Public_Dataset (Roboflow: kt-nyjuw/floor-plan-nnoub),CC BY 4.0,2026-09-06
FP_1436,FP_1436.jpg,CAD,1920,1080,landscape,LOW,MEDIUM,,NO,YES,Public_Dataset (Roboflow: kt-nyjuw/floor-plan-nnoub),CC BY 4.0,2026-09-06
FP_1437,FP_1437.jpg,CAD,1920,1080,landscape,LOW,MEDIUM,,NO,YES,Public_Dataset (Roboflow: kt-nyjuw/floor-plan-nnoub),CC BY 4.0,2026-09-06
FP_1438,FP_1438.jpg,CAD,1920,1080,landscape,MEDIUM,EASY,,NO,YES,Public_Dataset (Roboflow: kt-nyjuw/floor-plan-nnoub),CC BY 4.0,2026-09-06
FP_1439,FP_1439.jpg,CAD,1920,1080,landscape,LOW,MEDIUM,,NO,YES,Public_Dataset (Roboflow: kt-nyjuw/floor-plan-nnoub),CC BY 4.0,2026-09-06
FP_1440,FP_1440.jpg,CAD,1920,1080,landscape,MEDIUM,EASY,,NO,YES,Public_Dataset (Roboflow: kt-nyjuw/floor-plan-nnoub),CC BY 4.0,2026-09-06
FP_1441,FP_1441.jpg,CAD,1920,1080,landscape,LOW,MEDIUM,,NO,YES,Public_Dataset (Roboflow: kt-nyjuw/floor-plan-nnoub),CC BY 4.0,2026-09-06
FP_1442,FP_1442.jpg,CAD,1920,1080,landscape,LOW,MEDIUM,,NO,YES,Public_Dataset (Roboflow: kt-nyjuw/floor-plan-nnoub),CC BY 4.0,2026-09-06
FP_1443,FP_1443.jpg,CAD,1920,1080,landscape,HIGH,EASY,,NO,YES,Public_Dataset (Roboflow: kt-nyjuw/floor-plan-nnoub),CC BY 4.0,2026-09-06
FP_1444,FP_1444.jpg,CAD,1920,1080,landscape,LOW,MEDIUM,,YES,YES,Public_Dataset (Roboflow: kt-nyjuw/floor-plan-nnoub),CC BY 4.0,2026-09-06
FP_1445,FP_1445.jpg,CAD,1920,1080,landscape,LOW,MEDIUM,,YES,YES,Public_Dataset (Roboflow: kt-nyjuw/floor-plan-nnoub),CC BY 4.0,2026-09-06
FP_1446,FP_1446.jpg,CAD,1920,1080,landscape,MEDIUM,EASY,,NO,YES,Public_Dataset (Roboflow: kt-nyjuw/floor-plan-nnoub),CC BY 4.0,2026-09-06
FP_1447,FP_1447.jpg,CAD,1920,1080,landscape,LOW,MEDIUM,,NO,YES,Public_Dataset (Roboflow: kt-nyjuw/floor-plan-nnoub),CC BY 4.0,2026-09-06
FP_1448,FP_1448.jpg,CAD,1920,1080,landscape,MEDIUM,EASY,,YES,YES,Public_Dataset (Roboflow: kt-nyjuw/floor-plan-nnoub),CC BY 4.0,2026-09-06
FP_1449,FP_1449.jpg,CAD,1920,1080,landscape,LOW,MEDIUM,,NO,YES,Public_Dataset (Roboflow: kt-nyjuw/floor-plan-nnoub),CC BY 4.0,2026-09-06
FP_1450,FP_1450.jpg,CAD,1920,1080,landscape,MEDIUM,HARD,,NO,YES,Public_Dataset (Roboflow: kt-nyjuw/floor-plan-nnoub),CC BY 4.0,2026-09-06
FP_1451,FP_1451.jpg,CAD,1920,1080,landscape,HIGH,HARD,,YES,YES,Public_Dataset (Roboflow: kt-nyjuw/floor-plan-nnoub),CC BY 4.0,2026-09-06
FP_1452,FP_1452.jpg,CAD,1920,1080,landscape,LOW,HARD,,NO,YES,Public_Dataset (Roboflow: kt-nyjuw/floor-plan-nnoub),CC BY 4.0,2026-09-06
FP_1453,FP_1453.jpg,CAD,1920,1080,landscape,LOW,MEDIUM,,NO,YES,Public_Dataset (Roboflow: kt-nyjuw/floor-plan-nnoub),CC BY 4.0,2026-09-06
FP_1454,FP_1454.jpg,CAD,1920,1080,landscape,MEDIUM,EASY,,NO,YES,Public_Dataset (Roboflow: kt-nyjuw/floor-plan-nnoub),CC BY 4.0,2026-09-06
FP_1455,FP_1455.jpg,CAD,1920,1080,landscape,LOW,MEDIUM,,YES,YES,Public_Dataset (Roboflow: kt-nyjuw/floor-plan-nnoub),CC BY 4.0,2026-09-06
FP_1456,FP_1456.jpg,CAD,1920,1080,landscape,LOW,MEDIUM,,NO,YES,Public_Dataset (Roboflow: kt-nyjuw/floor-plan-nnoub),CC BY 4.0,2026-09-06
FP_1457,FP_1457.jpg,CAD,1920,1080,landscape,LOW,MEDIUM,,YES,YES,Public_Dataset (Roboflow: kt-nyjuw/floor-plan-nnoub),CC BY 4.0,2026-09-06
FP_1458,FP_1458.jpg,CAD,1920,1080,landscape,LOW,MEDIUM,,NO,YES,Public_Dataset (Roboflow: kt-nyjuw/floor-plan-nnoub),CC BY 4.0,2026-09-06
FP_1459,FP_1459.jpg,CAD,1920,1080,landscape,LOW,MEDIUM,,YES,YES,Public_Dataset (Roboflow: kt-nyjuw/floor-plan-nnoub),CC BY 4.0,2026-09-06
FP_1460,FP_1460.jpg,CAD,1920,1080,landscape,LOW,MEDIUM,,NO,YES,Public_Dataset (Roboflow: kt-nyjuw/floor-plan-nnoub),CC BY 4.0,2026-09-06
FP_1461,FP_1461.jpg,CAD,1920,1080,landscape,LOW,MEDIUM,,NO,YES,Public_Dataset (Roboflow: kt-nyjuw/floor-plan-nnoub),CC BY 4.0,2026-09-06
